Timestamp,Topic,Room,Data_Payload
"10/3/2569 14:14:48","m5/room1/power","room1","{"room":"room1";"current_amp":1.25;"power_watt":275;"Timestamp":"2026-03-02 19:07:00";"hash":"01c17f990d960f361520eb02e417122b143da15f6f2f5997072f376f1fa21de4"}"
"10/3/2569 14:28:19","m5/room1/power","room1","{"room":"room1";"current_amp":0.49;"power_watt":2.47;"Timestamp":"1999-11-30 01:07:53";"hash":"01c17f990d960f361520eb02e417122b143da15f6f2f5997072f376f1fa21de4"}"
"10/3/2569 14:28:21","m5/room1/doorstatus","room1","{"Register":false;"room":"room1";"status":"open";"M5":true;"RFID":null;"Timestamp":"1999-11-30 01:07:55";"hash":"01c17f990d960f361520eb02e417122b143da15f6f2f5997072f376f1fa21de4"}"
"10/3/2569 14:28:25","m5/room1/doorstatus","room1","{"Register":false;"room":"room1";"status":"closed";"M5":false;"RFID":null;"Timestamp":"1999-11-30 01:07:58";"hash":"01c17f990d960f361520eb02e417122b143da15f6f2f5997072f376f1fa21de4"}"
"10/3/2569 14:28:25","m5/room1/power","room1","{"room":"room1";"current_amp":0.58;"power_watt":2.92;"Timestamp":"1999-11-30 01:07:59";"hash":"01c17f990d960f361520eb02e417122b143da15f6f2f5997072f376f1fa21de4"}"
"10/3/2569 14:28:27","m5/room1/doorstatus","room1","{"Register":false;"room":"room1";"status":"open";"M5":true;"RFID":null;"Timestamp":"1999-11-30 01:08:01";"hash":"01c17f990d960f361520eb02e417122b143da15f6f2f5997072f376f1fa21de4"}"
"10/3/2569 14:28:31","m5/room1/doorstatus","room1","{"Register":false;"room":"room1";"status":"closed";"M5":false;"RFID":null;"Timestamp":"1999-11-30 01:08:04";"hash":"01c17f990d960f361520eb02e417122b143da15f6f2f5997072f376f1fa21de4"}"
"10/3/2569 14:28:31","m5/room1/power","room1","{"room":"room1";"current_amp":0.7;"power_watt":3.48;"Timestamp":"1999-11-30 01:08:05";"hash":"01c17f990d960f361520eb02e417122b143da15f6f2f5997072f376f1fa21de4"}"
"10/3/2569 14:28:37","m5/room1/power","room1","{"room":"room1";"current_amp":0.5;"power_watt":2.5;"Timestamp":"1999-11-30 01:08:10";"hash":"01c17f990d960f361520eb02e417122b143da15f6f2f5997072f376f1fa21de4"}"
"10/3/2569 14:29:13","m5/room1/power","room1","{"room":"room1";"current_amp":0.5;"power_watt":2.52;"Timestamp":"1999-11-30 01:08:47";"hash":"01c17f990d960f361520eb02e417122b143da15f6f2f5997072f376f1fa21de4"}"
"10/3/2569 14:29:14","m5/room1/doorstatus","room1","{"Register":false;"room":"room1";"status":"open";"M5":true;"RFID":null;"Timestamp":"1999-11-30 01:08:48";"hash":"01c17f990d960f361520eb02e417122b143da15f6f2f5997072f376f1fa21de4"}"
"10/3/2569 14:29:17","m5/room1/doorstatus","room1","{"Register":false;"room":"room1";"status":"closed";"M5":false;"RFID":null;"Timestamp":"1999-11-30 01:08:51";"hash":"01c17f990d960f361520eb02e417122b143da15f6f2f5997072f376f1fa21de4"}"
"10/3/2569 14:29:18","m5/room1/power","room1","{"room":"room1";"current_amp":0.5;"power_watt":2.5;"Timestamp":"1999-11-30 01:08:52";"hash":"01c17f990d960f361520eb02e417122b143da15f6f2f5997072f376f1fa21de4"}"
"10/3/2569 14:29:24","m5/room1/power","room1","{"room":"room1";"current_amp":0.49;"power_watt":2.44;"Timestamp":"1999-11-30 01:08:57";"hash":"01c17f990d960f361520eb02e417122b143da15f6f2f5997072f376f1fa21de4"}"
"10/3/2569 14:29:30","m5/room1/power","room1","{"room":"room1";"current_amp":0.48;"power_watt":2.39;"Timestamp":"1999-11-30 01:09:02";"hash":"01c17f990d960f361520eb02e417122b143da15f6f2f5997072f376f1fa21de4"}"
"10/3/2569 14:29:33","m5/room1/power","room1","{"room":"room1";"current_amp":0.5;"power_watt":2.49;"Timestamp":"1999-11-30 01:09:07";"hash":"01c17f990d960f361520eb02e417122b143da15f6f2f5997072f376f1fa21de4"}"
"10/3/2569 14:29:38","m5/room1/power","room1","{"room":"room1";"current_amp":0.5;"power_watt":2.51;"Timestamp":"1999-11-30 01:09:12";"hash":"01c17f990d960f361520eb02e417122b143da15f6f2f5997072f376f1fa21de4"}"
"10/3/2569 14:29:43","m5/room1/power","room1","{"room":"room1";"current_amp":0.49;"power_watt":2.44;"Timestamp":"1999-11-30 01:09:17";"hash":"01c17f990d960f361520eb02e417122b143da15f6f2f5997072f376f1fa21de4"}"
"10/3/2569 14:29:48","m5/room1/power","room1","{"room":"room1";"current_amp":0.49;"power_watt":2.46;"Timestamp":"1999-11-30 01:09:22";"hash":"01c17f990d960f361520eb02e417122b143da15f6f2f5997072f376f1fa21de4"}"
"10/3/2569 14:29:53","m5/room1/power","room1","{"room":"room1";"current_amp":0.5;"power_watt":2.51;"Timestamp":"1999-11-30 01:09:27";"hash":"01c17f990d960f361520eb02e417122b143da15f6f2f5997072f376f1fa21de4"}"
"10/3/2569 14:29:58","m5/room1/power","room1","{"room":"room1";"current_amp":0.5;"power_watt":2.49;"Timestamp":"1999-11-30 01:09:32";"hash":"01c17f990d960f361520eb02e417122b143da15f6f2f5997072f376f1fa21de4"}"
"10/3/2569 14:30:03","m5/room1/power","room1","{"room":"room1";"current_amp":0.5;"power_watt":2.49;"Timestamp":"1999-11-30 01:09:37";"hash":"01c17f990d960f361520eb02e417122b143da15f6f2f5997072f376f1fa21de4"}"
"10/3/2569 14:30:09","m5/room1/power","room1","{"room":"room1";"current_amp":0.52;"power_watt":2.58;"Timestamp":"1999-11-30 01:09:42";"hash":"01c17f990d960f361520eb02e417122b143da15f6f2f5997072f376f1fa21de4"}"
"10/3/2569 14:30:13","m5/room1/power","room1","{"room":"room1";"current_amp":0.52;"power_watt":2.58;"Timestamp":"1999-11-30 01:09:47";"hash":"01c17f990d960f361520eb02e417122b143da15f6f2f5997072f376f1fa21de4"}"
"10/3/2569 14:30:18","m5/room1/power","room1","{"room":"room1";"current_amp":0.49;"power_watt":2.46;"Timestamp":"1999-11-30 01:09:52";"hash":"01c17f990d960f361520eb02e417122b143da15f6f2f5997072f376f1fa21de4"}"
"10/3/2569 14:30:23","m5/room1/power","room1","{"room":"room1";"current_amp":0.48;"power_watt":2.42;"Timestamp":"1999-11-30 01:09:57";"hash":"01c17f990d960f361520eb02e417122b143da15f6f2f5997072f376f1fa21de4"}"
"31/3/2569 19:11:02","m5/room1/power","room1","{"room":"room1";"current_amp":0;"power_watt":0;"Timestamp":"1999-11-30 00:07:29";"hash":"01c17f990d960f361520eb02e417122b143da15f6f2f5997072f376f1fa21de4"}"
"31/3/2569 19:11:02","m5/room1/doorstatus","room1","{"Register":false;"room":"room1";"status":"open";"M5":true;"RFID":null;"Timestamp":"1999-11-30 00:07:29";"hash":"01c17f990d960f361520eb02e417122b143da15f6f2f5997072f376f1fa21de4"}"
"31/3/2569 19:11:05","m5/room1/doorstatus","room1","{"Register":false;"room":"room1";"status":"closed";"M5":false;"RFID":null;"Timestamp":"1999-11-30 00:07:32";"hash":"01c17f990d960f361520eb02e417122b143da15f6f2f5997072f376f1fa21de4"}"
"31/3/2569 19:11:07","m5/room1/power","room1","{"room":"room1";"current_amp":0;"power_watt":0;"Timestamp":"1999-11-30 00:07:34";"hash":"01c17f990d960f361520eb02e417122b143da15f6f2f5997072f376f1fa21de4"}"
"31/3/2569 19:11:12","m5/room2/power","room2","{"room":"room2";"current_amp":0;"power_watt":0;"Timestamp":"1999-11-30 00:07:39";"hash":"99a3ae2c514ee9ff2d6d79a8029a1f4c520e5d79f79d851f3c456ae49c008c88"}"
"31/3/2569 19:11:16","m5/room1/doorstatus","room1","{"Register":false;"room":"room1";"status":"open";"M5":true;"RFID":null;"Timestamp":"1999-11-30 00:07:43";"hash":"01c17f990d960f361520eb02e417122b143da15f6f2f5997072f376f1fa21de4"}"
"31/3/2569 19:11:19","m5/room1/doorstatus","room1","{"Register":false;"room":"room1";"status":"closed";"M5":false;"RFID":null;"Timestamp":"1999-11-30 00:07:46";"hash":"01c17f990d960f361520eb02e417122b143da15f6f2f5997072f376f1fa21de4"}"
"31/3/2569 19:11:19","m5/room1/power","room1","{"room":"room1";"current_amp":0.1;"power_watt":0.5;"Timestamp":"1999-11-30 00:07:46";"hash":"01c17f990d960f361520eb02e417122b143da15f6f2f5997072f376f1fa21de4"}"
"31/3/2569 19:11:24","m5/room1/power","room1","{"room":"room1";"current_amp":0;"power_watt":0;"Timestamp":"1999-11-30 00:07:51";"hash":"01c17f990d960f361520eb02e417122b143da15f6f2f5997072f376f1fa21de4"}"
"31/3/2569 19:11:29","m5/room1/power","room1","{"room":"room1";"current_amp":0.08;"power_watt":0.39;"Timestamp":"1999-11-30 00:07:56";"hash":"01c17f990d960f361520eb02e417122b143da15f6f2f5997072f376f1fa21de4"}"
"31/3/2569 19:11:34","m5/room1/power","room1","{"room":"room1";"current_amp":0.07;"power_watt":0.34;"Timestamp":"1999-11-30 00:08:01";"hash":"01c17f990d960f361520eb02e417122b143da15f6f2f5997072f376f1fa21de4"}"
"31/3/2569 19:11:39","m5/room1/power","room1","{"room":"room1";"current_amp":0.08;"power_watt":0.39;"Timestamp":"1999-11-30 00:08:06";"hash":"01c17f990d960f361520eb02e417122b143da15f6f2f5997072f376f1fa21de4"}"
"31/3/2569 19:11:44","m5/room1/power","room1","{"room":"room1";"current_amp":0;"power_watt":0;"Timestamp":"1999-11-30 00:08:11";"hash":"01c17f990d960f361520eb02e417122b143da15f6f2f5997072f376f1fa21de4"}"
"31/3/2569 19:11:49","m5/room1/power","room1","{"room":"room1";"current_amp":0;"power_watt":0;"Timestamp":"1999-11-30 00:08:16";"hash":"01c17f990d960f361520eb02e417122b143da15f6f2f5997072f376f1fa21de4"}"
"31/3/2569 19:11:54","m5/room1/power","room1","{"room":"room1";"current_amp":0;"power_watt":0;"Timestamp":"1999-11-30 00:08:21";"hash":"01c17f990d960f361520eb02e417122b143da15f6f2f5997072f376f1fa21de4"}"
"31/3/2569 19:12:00","m5/room1/power","room1","{"room":"room1";"current_amp":0;"power_watt":0;"Timestamp":"1999-11-30 00:08:26";"hash":"01c17f990d960f361520eb02e417122b143da15f6f2f5997072f376f1fa21de4"}"
"31/3/2569 19:12:05","m5/room1/power","room1","{"room":"room1";"current_amp":0;"power_watt":0;"Timestamp":"1999-11-30 00:08:31";"hash":"01c17f990d960f361520eb02e417122b143da15f6f2f5997072f376f1fa21de4"}"
"31/3/2569 19:14:02","m5/room1/doorstatus","room1","{"Register":false;"room":"room1";"status":"open";"M5":false;"RFID":"4F140D35";"Timestamp":"1999-11-30 00:10:28";"hash":"01c17f990d960f361520eb02e417122b143da15f6f2f5997072f376f1fa21de4"}"
"31/3/2569 19:14:04","m5/room1/doorstatus","room1","{"Register":false;"room":"room1";"status":"closed";"M5":false;"RFID":null;"Timestamp":"1999-11-30 00:10:31";"hash":"01c17f990d960f361520eb02e417122b143da15f6f2f5997072f376f1fa21de4"}"
"31/3/2569 19:14:07","m5/room1/power","room1","{"room":"room1";"current_amp":0;"power_watt":0;"Timestamp":"1999-11-30 00:10:33";"hash":"01c17f990d960f361520eb02e417122b143da15f6f2f5997072f376f1fa21de4"}"
"31/3/2569 19:14:12","m5/room1/power","room1","{"room":"room1";"current_amp":0;"power_watt":0;"Timestamp":"1999-11-30 00:10:38";"hash":"01c17f990d960f361520eb02e417122b143da15f6f2f5997072f376f1fa21de4"}"
"31/3/2569 19:14:15","m5/room1/doorstatus","room1","{"Register":false;"room":"room1";"status":"open";"M5":false;"RFID":"4F140D35";"Timestamp":"1999-11-30 00:10:41";"hash":"01c17f990d960f361520eb02e417122b143da15f6f2f5997072f376f1fa21de4"}"
"31/3/2569 19:14:18","m5/room1/doorstatus","room1","{"Register":false;"room":"room1";"status":"closed";"M5":false;"RFID":null;"Timestamp":"1999-11-30 00:10:44";"hash":"01c17f990d960f361520eb02e417122b143da15f6f2f5997072f376f1fa21de4"}"
"31/3/2569 19:14:18","m5/room1/power","room1","{"room":"room1";"current_amp":0;"power_watt":0;"Timestamp":"1999-11-30 00:10:45";"hash":"01c17f990d960f361520eb02e417122b143da15f6f2f5997072f376f1fa21de4"}"
"31/3/2569 19:14:23","m5/room1/power","room1","{"room":"room1";"current_amp":0;"power_watt":0;"Timestamp":"1999-11-30 00:10:50";"hash":"01c17f990d960f361520eb02e417122b143da15f6f2f5997072f376f1fa21de4"}"
"31/3/2569 19:14:24","m5/room1/doorstatus","room1","{"Register":false;"room":"room1";"status":"open";"M5":false;"RFID":"4F140D35";"Timestamp":"1999-11-30 00:10:50";"hash":"01c17f990d960f361520eb02e417122b143da15f6f2f5997072f376f1fa21de4"}"
"31/3/2569 19:14:26","m5/room1/doorstatus","room1","{"Register":false;"room":"room1";"status":"closed";"M5":false;"RFID":null;"Timestamp":"1999-11-30 00:10:53";"hash":"01c17f990d960f361520eb02e417122b143da15f6f2f5997072f376f1fa21de4"}"
"31/3/2569 19:14:28","m5/room1/power","room1","{"room":"room1";"current_amp":0;"power_watt":0;"Timestamp":"1999-11-30 00:10:55";"hash":"01c17f990d960f361520eb02e417122b143da15f6f2f5997072f376f1fa21de4"}"
"31/3/2569 19:14:33","m5/room1/power","room1","{"room":"room1";"current_amp":0;"power_watt":0;"Timestamp":"1999-11-30 00:11:00";"hash":"01c17f990d960f361520eb02e417122b143da15f6f2f5997072f376f1fa21de4"}"
"31/3/2569 19:14:38","m5/room1/power","room1","{"room":"room1";"current_amp":0.07;"power_watt":0.36;"Timestamp":"1999-11-30 00:11:05";"hash":"01c17f990d960f361520eb02e417122b143da15f6f2f5997072f376f1fa21de4"}"
"31/3/2569 19:14:43","m5/room1/power","room1","{"room":"room1";"current_amp":0.07;"power_watt":0.37;"Timestamp":"1999-11-30 00:11:10";"hash":"01c17f990d960f361520eb02e417122b143da15f6f2f5997072f376f1fa21de4"}"
"31/3/2569 19:14:48","m5/room1/power","room1","{"room":"room1";"current_amp":0;"power_watt":0;"Timestamp":"1999-11-30 00:11:15";"hash":"01c17f990d960f361520eb02e417122b143da15f6f2f5997072f376f1fa21de4"}"
"31/3/2569 19:14:53","m5/room1/power","room1","{"room":"room1";"current_amp":0;"power_watt":0;"Timestamp":"1999-11-30 00:11:20";"hash":"01c17f990d960f361520eb02e417122b143da15f6f2f5997072f376f1fa21de4"}"
"31/3/2569 19:14:59","m5/room1/power","room1","{"room":"room1";"current_amp":0;"power_watt":0;"Timestamp":"1999-11-30 00:11:25";"hash":"01c17f990d960f361520eb02e417122b143da15f6f2f5997072f376f1fa21de4"}"
"31/3/2569 19:15:04","m5/room1/power","room1","{"room":"room1";"current_amp":0;"power_watt":0;"Timestamp":"1999-11-30 00:11:30";"hash":"01c17f990d960f361520eb02e417122b143da15f6f2f5997072f376f1fa21de4"}"
"31/3/2569 19:15:06","m5/room1/doorstatus","room1","{"Register":false;"room":"room1";"status":"open";"M5":false;"RFID":"4F140D35";"Timestamp":"1999-11-30 00:11:33";"hash":"01c17f990d960f361520eb02e417122b143da15f6f2f5997072f376f1fa21de4"}"
"31/3/2569 19:15:09","m5/room1/doorstatus","room1","{"Register":false;"room":"room1";"status":"closed";"M5":false;"RFID":null;"Timestamp":"1999-11-30 00:11:36";"hash":"01c17f990d960f361520eb02e417122b143da15f6f2f5997072f376f1fa21de4"}"
"31/3/2569 19:15:10","m5/room1/power","room1","{"room":"room1";"current_amp":0;"power_watt":0;"Timestamp":"1999-11-30 00:11:37";"hash":"01c17f990d960f361520eb02e417122b143da15f6f2f5997072f376f1fa21de4"}"
"31/3/2569 19:15:15","m5/room1/power","room1","{"room":"room1";"current_amp":0;"power_watt":0;"Timestamp":"1999-11-30 00:11:42";"hash":"01c17f990d960f361520eb02e417122b143da15f6f2f5997072f376f1fa21de4"}"
"31/3/2569 19:15:20","m5/room1/power","room1","{"room":"room1";"current_amp":0;"power_watt":0;"Timestamp":"1999-11-30 00:11:47";"hash":"01c17f990d960f361520eb02e417122b143da15f6f2f5997072f376f1fa21de4"}"
"31/3/2569 19:15:25","m5/room1/power","room1","{"room":"room1";"current_amp":0;"power_watt":0;"Timestamp":"1999-11-30 00:11:52";"hash":"01c17f990d960f361520eb02e417122b143da15f6f2f5997072f376f1fa21de4"}"
"31/3/2569 19:15:30","m5/room1/power","room1","{"room":"room1";"current_amp":0;"power_watt":0;"Timestamp":"1999-11-30 00:11:57";"hash":"01c17f990d960f361520eb02e417122b143da15f6f2f5997072f376f1fa21de4"}"
"31/3/2569 19:15:35","m5/room1/power","room1","{"room":"room1";"current_amp":0;"power_watt":0;"Timestamp":"1999-11-30 00:12:02";"hash":"01c17f990d960f361520eb02e417122b143da15f6f2f5997072f376f1fa21de4"}"
"31/3/2569 19:25:01","m5/room1/power","room1","{"room":"room1";"current_amp":0;"power_watt":0;"Timestamp":"1999-11-30 00:21:28";"hash":"01c17f990d960f361520eb02e417122b143da15f6f2f5997072f376f1fa21de4"}"
"31/3/2569 19:25:02","m5/room1/doorstatus","room1","{"Register":false;"room":"room1";"status":"open";"M5":false;"RFID":"WEB";"Timestamp":"1999-11-30 00:21:28";"hash":"01c17f990d960f361520eb02e417122b143da15f6f2f5997072f376f1fa21de4"}"
"31/3/2569 19:25:04","m5/room1/doorstatus","room1","{"Register":false;"room":"room1";"status":"closed";"M5":false;"RFID":null;"Timestamp":"1999-11-30 00:21:31";"hash":"01c17f990d960f361520eb02e417122b143da15f6f2f5997072f376f1fa21de4"}"
"31/3/2569 19:25:07","m5/room1/power","room1","{"room":"room1";"current_amp":0.06;"power_watt":0.29;"Timestamp":"1999-11-30 00:21:33";"hash":"01c17f990d960f361520eb02e417122b143da15f6f2f5997072f376f1fa21de4"}"
"31/3/2569 19:25:12","m5/room1/power","room1","{"room":"room1";"current_amp":0.05;"power_watt":0.25;"Timestamp":"1999-11-30 00:21:38";"hash":"01c17f990d960f361520eb02e417122b143da15f6f2f5997072f376f1fa21de4"}"
"31/3/2569 19:25:17","m5/room1/power","room1","{"room":"room1";"current_amp":0.05;"power_watt":0.24;"Timestamp":"1999-11-30 00:21:43";"hash":"01c17f990d960f361520eb02e417122b143da15f6f2f5997072f376f1fa21de4"}"
"31/3/2569 19:25:22","m5/room1/power","room1","{"room":"room1";"current_amp":0.05;"power_watt":0.24;"Timestamp":"1999-11-30 00:21:48";"hash":"01c17f990d960f361520eb02e417122b143da15f6f2f5997072f376f1fa21de4"}"
"31/3/2569 19:25:27","m5/room1/power","room1","{"room":"room1";"current_amp":0.05;"power_watt":0.24;"Timestamp":"1999-11-30 00:21:53";"hash":"01c17f990d960f361520eb02e417122b143da15f6f2f5997072f376f1fa21de4"}"
"31/3/2569 19:25:32","m5/room1/power","room1","{"room":"room1";"current_amp":0.04;"power_watt":0.21;"Timestamp":"1999-11-30 00:21:58";"hash":"01c17f990d960f361520eb02e417122b143da15f6f2f5997072f376f1fa21de4"}"
"31/3/2569 19:25:33","m5/room1/doorstatus","room1","{"Register":false;"room":"room1";"status":"open";"M5":true;"RFID":null;"Timestamp":"1999-11-30 00:22:00";"hash":"01c17f990d960f361520eb02e417122b143da15f6f2f5997072f376f1fa21de4"}"
"31/3/2569 19:25:36","m5/room1/doorstatus","room1","{"Register":false;"room":"room1";"status":"closed";"M5":false;"RFID":null;"Timestamp":"1999-11-30 00:22:03";"hash":"01c17f990d960f361520eb02e417122b143da15f6f2f5997072f376f1fa21de4"}"
"31/3/2569 19:25:37","m5/room1/power","room1","{"room":"room1";"current_amp":0.14;"power_watt":0.71;"Timestamp":"1999-11-30 00:22:04";"hash":"01c17f990d960f361520eb02e417122b143da15f6f2f5997072f376f1fa21de4"}"
"31/3/2569 19:25:42","m5/room1/power","room1","{"room":"room1";"current_amp":0.06;"power_watt":0.31;"Timestamp":"1999-11-30 00:22:09";"hash":"01c17f990d960f361520eb02e417122b143da15f6f2f5997072f376f1fa21de4"}"
"31/3/2569 19:25:47","m5/room1/power","room1","{"room":"room1";"current_amp":0.07;"power_watt":0.33;"Timestamp":"1999-11-30 00:22:14";"hash":"01c17f990d960f361520eb02e417122b143da15f6f2f5997072f376f1fa21de4"}"
"31/3/2569 19:25:47","m5/room1/doorstatus","room1","{"Register":false;"room":"room1";"status":"open";"M5":true;"RFID":null;"Timestamp":"1999-11-30 00:22:14";"hash":"01c17f990d960f361520eb02e417122b143da15f6f2f5997072f376f1fa21de4"}"
"31/3/2569 19:25:50","m5/room1/doorstatus","room1","{"Register":false;"room":"room1";"status":"closed";"M5":false;"RFID":null;"Timestamp":"1999-11-30 00:22:17";"hash":"01c17f990d960f361520eb02e417122b143da15f6f2f5997072f376f1fa21de4"}"
"31/3/2569 19:25:52","m5/room1/power","room1","{"room":"room1";"current_amp":0.07;"power_watt":0.33;"Timestamp":"1999-11-30 00:22:19";"hash":"01c17f990d960f361520eb02e417122b143da15f6f2f5997072f376f1fa21de4"}"
"31/3/2569 19:25:57","m5/room1/power","room1","{"room":"room1";"current_amp":0.06;"power_watt":0.28;"Timestamp":"1999-11-30 00:22:24";"hash":"01c17f990d960f361520eb02e417122b143da15f6f2f5997072f376f1fa21de4"}"
"31/3/2569 19:26:02","m5/room1/power","room1","{"room":"room1";"current_amp":0.05;"power_watt":0.26;"Timestamp":"1999-11-30 00:22:29";"hash":"01c17f990d960f361520eb02e417122b143da15f6f2f5997072f376f1fa21de4"}"
"31/3/2569 19:26:07","m5/room1/power","room1","{"room":"room1";"current_amp":0.06;"power_watt":0.29;"Timestamp":"1999-11-30 00:22:34";"hash":"01c17f990d960f361520eb02e417122b143da15f6f2f5997072f376f1fa21de4"}"
"31/3/2569 19:26:10","m5/room1/doorstatus","room1","{"Register":false;"room":"room1";"status":"open";"M5":false;"RFID":"4F140D35";"Timestamp":"1999-11-30 00:22:37";"hash":"01c17f990d960f361520eb02e417122b143da15f6f2f5997072f376f1fa21de4"}"
"31/3/2569 19:26:13","m5/room1/doorstatus","room1","{"Register":false;"room":"room1";"status":"closed";"M5":false;"RFID":null;"Timestamp":"1999-11-30 00:22:40";"hash":"01c17f990d960f361520eb02e417122b143da15f6f2f5997072f376f1fa21de4"}"
"31/3/2569 19:26:13","m5/room1/power","room1","{"room":"room1";"current_amp":0.07;"power_watt":0.37;"Timestamp":"1999-11-30 00:22:40";"hash":"01c17f990d960f361520eb02e417122b143da15f6f2f5997072f376f1fa21de4"}"
"31/3/2569 19:26:18","m5/room1/power","room1","{"room":"room1";"current_amp":0.05;"power_watt":0.27;"Timestamp":"1999-11-30 00:22:45";"hash":"01c17f990d960f361520eb02e417122b143da15f6f2f5997072f376f1fa21de4"}"
"31/3/2569 19:26:23","m5/room1/power","room1","{"room":"room1";"current_amp":0.07;"power_watt":0.34;"Timestamp":"1999-11-30 00:22:50";"hash":"01c17f990d960f361520eb02e417122b143da15f6f2f5997072f376f1fa21de4"}"
"31/3/2569 19:26:24","m5/room1/doorstatus","room1","{"Register":false;"room":"room1";"status":"open";"M5":false;"RFID":"4F140D35";"Timestamp":"1999-11-30 00:22:51";"hash":"01c17f990d960f361520eb02e417122b143da15f6f2f5997072f376f1fa21de4"}"
"31/3/2569 19:26:27","m5/room1/doorstatus","room1","{"Register":false;"room":"room1";"status":"closed";"M5":false;"RFID":null;"Timestamp":"1999-11-30 00:22:54";"hash":"01c17f990d960f361520eb02e417122b143da15f6f2f5997072f376f1fa21de4"}"
"31/3/2569 19:26:28","m5/room1/power","room1","{"room":"room1";"current_amp":0.05;"power_watt":0.27;"Timestamp":"1999-11-30 00:22:55";"hash":"01c17f990d960f361520eb02e417122b143da15f6f2f5997072f376f1fa21de4"}"
"31/3/2569 19:26:34","m5/room1/power","room1","{"room":"room1";"current_amp":0.05;"power_watt":0.23;"Timestamp":"1999-11-30 00:23:00";"hash":"01c17f990d960f361520eb02e417122b143da15f6f2f5997072f376f1fa21de4"}"
"31/3/2569 19:26:34","m5/room1/doorstatus","room1","{"Register":false;"room":"room1";"status":"open";"M5":false;"RFID":"4F140D35";"Timestamp":"1999-11-30 00:23:00";"hash":"01c17f990d960f361520eb02e417122b143da15f6f2f5997072f376f1fa21de4"}"
"31/3/2569 19:26:37","m5/room1/doorstatus","room1","{"Register":false;"room":"room1";"status":"closed";"M5":false;"RFID":null;"Timestamp":"1999-11-30 00:23:03";"hash":"01c17f990d960f361520eb02e417122b143da15f6f2f5997072f376f1fa21de4"}"
"31/3/2569 19:26:39","m5/room1/power","room1","{"room":"room1";"current_amp":0.05;"power_watt":0.23;"Timestamp":"1999-11-30 00:23:05";"hash":"01c17f990d960f361520eb02e417122b143da15f6f2f5997072f376f1fa21de4"}"
"31/3/2569 19:26:44","m5/room1/power","room1","{"room":"room1";"current_amp":0.05;"power_watt":0.27;"Timestamp":"1999-11-30 00:23:10";"hash":"01c17f990d960f361520eb02e417122b143da15f6f2f5997072f376f1fa21de4"}"
"31/3/2569 19:26:49","m5/room1/power","room1","{"room":"room1";"current_amp":0.13;"power_watt":0.65;"Timestamp":"1999-11-30 00:23:15";"hash":"01c17f990d960f361520eb02e417122b143da15f6f2f5997072f376f1fa21de4"}"
"31/3/2569 19:26:59","m5/room1/power","room1","{"room":"room1";"current_amp":0.06;"power_watt":0.32;"Timestamp":"1999-11-30 00:23:25";"hash":"01c17f990d960f361520eb02e417122b143da15f6f2f5997072f376f1fa21de4"}"
"31/3/2569 19:27:04","m5/room1/power","room1","{"room":"room1";"current_amp":0.06;"power_watt":0.32;"Timestamp":"1999-11-30 00:23:30";"hash":"01c17f990d960f361520eb02e417122b143da15f6f2f5997072f376f1fa21de4"}"
"31/3/2569 19:27:12","m5/room1/power","room1","{"room":"room1";"current_amp":0;"power_watt":0;"Timestamp":"1999-11-30 00:23:39";"hash":"01c17f990d960f361520eb02e417122b143da15f6f2f5997072f376f1fa21de4"}"
"31/3/2569 19:27:15","m5/room1/doorstatus","room1","{"Register":false;"room":"room1";"status":"open";"M5":true;"RFID":null;"Timestamp":"1999-11-30 00:23:42";"hash":"01c17f990d960f361520eb02e417122b143da15f6f2f5997072f376f1fa21de4"}"
"31/3/2569 19:27:18","m5/room1/doorstatus","room1","{"Register":false;"room":"room1";"status":"closed";"M5":false;"RFID":null;"Timestamp":"1999-11-30 00:23:45";"hash":"01c17f990d960f361520eb02e417122b143da15f6f2f5997072f376f1fa21de4"}"
"31/3/2569 19:27:18","m5/room1/power","room1","{"room":"room1";"current_amp":0.13;"power_watt":0.66;"Timestamp":"1999-11-30 00:23:45";"hash":"01c17f990d960f361520eb02e417122b143da15f6f2f5997072f376f1fa21de4"}"
"31/3/2569 19:27:23","m5/room1/power","room1","{"room":"room1";"current_amp":0;"power_watt":0;"Timestamp":"1999-11-30 00:23:50";"hash":"01c17f990d960f361520eb02e417122b143da15f6f2f5997072f376f1fa21de4"}"
"31/3/2569 19:27:28","m5/room1/power","room1","{"room":"room1";"current_amp":0.05;"power_watt":0.24;"Timestamp":"1999-11-30 00:23:55";"hash":"01c17f990d960f361520eb02e417122b143da15f6f2f5997072f376f1fa21de4"}"
"31/3/2569 19:27:33","m5/room1/power","room1","{"room":"room1";"current_amp":0;"power_watt":0;"Timestamp":"1999-11-30 00:24:00";"hash":"01c17f990d960f361520eb02e417122b143da15f6f2f5997072f376f1fa21de4"}"
"31/3/2569 19:27:38","m5/room1/power","room1","{"room":"room1";"current_amp":0.05;"power_watt":0.27;"Timestamp":"1999-11-30 00:24:05";"hash":"01c17f990d960f361520eb02e417122b143da15f6f2f5997072f376f1fa21de4"}"
"31/3/2569 19:27:43","m5/room1/power","room1","{"room":"room1";"current_amp":0.05;"power_watt":0.24;"Timestamp":"1999-11-30 00:24:10";"hash":"01c17f990d960f361520eb02e417122b143da15f6f2f5997072f376f1fa21de4"}"
"31/3/2569 19:27:48","m5/room1/power","room1","{"room":"room1";"current_amp":0;"power_watt":0;"Timestamp":"1999-11-30 00:24:15";"hash":"01c17f990d960f361520eb02e417122b143da15f6f2f5997072f376f1fa21de4"}"
"31/3/2569 19:27:53","m5/room1/power","room1","{"room":"room1";"current_amp":0;"power_watt":0;"Timestamp":"1999-11-30 00:24:20";"hash":"01c17f990d960f361520eb02e417122b143da15f6f2f5997072f376f1fa21de4"}"
"31/3/2569 19:27:58","m5/room1/power","room1","{"room":"room1";"current_amp":0;"power_watt":0;"Timestamp":"1999-11-30 00:24:25";"hash":"01c17f990d960f361520eb02e417122b143da15f6f2f5997072f376f1fa21de4"}"
"31/3/2569 19:28:03","m5/room1/power","room1","{"room":"room1";"current_amp":0;"power_watt":0;"Timestamp":"1999-11-30 00:24:30";"hash":"01c17f990d960f361520eb02e417122b143da15f6f2f5997072f376f1fa21de4"}"
"31/3/2569 19:28:08","m5/room1/power","room1","{"room":"room1";"current_amp":0;"power_watt":0;"Timestamp":"1999-11-30 00:24:35";"hash":"01c17f990d960f361520eb02e417122b143da15f6f2f5997072f376f1fa21de4"}"
"31/3/2569 19:28:13","m5/room1/power","room1","{"room":"room1";"current_amp":0;"power_watt":0;"Timestamp":"1999-11-30 00:24:40";"hash":"01c17f990d960f361520eb02e417122b143da15f6f2f5997072f376f1fa21de4"}"
"31/3/2569 19:28:18","m5/room1/power","room1","{"room":"room1";"current_amp":0;"power_watt":0;"Timestamp":"1999-11-30 00:24:45";"hash":"01c17f990d960f361520eb02e417122b143da15f6f2f5997072f376f1fa21de4"}"
"31/3/2569 19:28:23","m5/room1/power","room1","{"room":"room1";"current_amp":0;"power_watt":0;"Timestamp":"1999-11-30 00:24:50";"hash":"01c17f990d960f361520eb02e417122b143da15f6f2f5997072f376f1fa21de4"}"
"31/3/2569 19:28:28","m5/room1/power","room1","{"room":"room1";"current_amp":0;"power_watt":0;"Timestamp":"1999-11-30 00:24:55";"hash":"01c17f990d960f361520eb02e417122b143da15f6f2f5997072f376f1fa21de4"}"
"31/3/2569 19:28:32","m5/room1/doorstatus","room1","{"Register":false;"room":"room1";"status":"open";"M5":false;"RFID":"WEB";"Timestamp":"1999-11-30 00:24:59";"hash":"01c17f990d960f361520eb02e417122b143da15f6f2f5997072f376f1fa21de4"}"
"31/3/2569 19:28:35","m5/room1/doorstatus","room1","{"Register":false;"room":"room1";"status":"closed";"M5":false;"RFID":null;"Timestamp":"1999-11-30 00:25:02";"hash":"01c17f990d960f361520eb02e417122b143da15f6f2f5997072f376f1fa21de4"}"
"31/3/2569 19:28:36","m5/room1/power","room1","{"room":"room1";"current_amp":0.28;"power_watt":1.41;"Timestamp":"1999-11-30 00:25:03";"hash":"01c17f990d960f361520eb02e417122b143da15f6f2f5997072f376f1fa21de4"}"
"31/3/2569 19:28:41","m5/room1/doorstatus","room1","{"Register":false;"room":"room1";"status":"open";"M5":true;"RFID":null;"Timestamp":"1999-11-30 00:25:08";"hash":"01c17f990d960f361520eb02e417122b143da15f6f2f5997072f376f1fa21de4"}"
"31/3/2569 19:28:44","m5/room1/doorstatus","room1","{"Register":false;"room":"room1";"status":"closed";"M5":false;"RFID":null;"Timestamp":"1999-11-30 00:25:11";"hash":"01c17f990d960f361520eb02e417122b143da15f6f2f5997072f376f1fa21de4"}"
"31/3/2569 19:28:46","m5/room1/power","room1","{"room":"room1";"current_amp":0;"power_watt":0;"Timestamp":"1999-11-30 00:25:13";"hash":"01c17f990d960f361520eb02e417122b143da15f6f2f5997072f376f1fa21de4"}"
"31/3/2569 19:28:51","m5/room1/power","room1","{"room":"room1";"current_amp":0;"power_watt":0;"Timestamp":"1999-11-30 00:25:18";"hash":"01c17f990d960f361520eb02e417122b143da15f6f2f5997072f376f1fa21de4"}"
"31/3/2569 19:28:52","m5/room1/doorstatus","room1","{"Register":false;"room":"room1";"status":"open";"M5":false;"RFID":"4F140D35";"Timestamp":"1999-11-30 00:25:19";"hash":"01c17f990d960f361520eb02e417122b143da15f6f2f5997072f376f1fa21de4"}"
"31/3/2569 19:28:55","m5/room1/doorstatus","room1","{"Register":false;"room":"room1";"status":"closed";"M5":false;"RFID":null;"Timestamp":"1999-11-30 00:25:22";"hash":"01c17f990d960f361520eb02e417122b143da15f6f2f5997072f376f1fa21de4"}"
"31/3/2569 19:28:56","m5/room1/power","room1","{"room":"room1";"current_amp":0;"power_watt":0;"Timestamp":"1999-11-30 00:25:23";"hash":"01c17f990d960f361520eb02e417122b143da15f6f2f5997072f376f1fa21de4"}"
"31/3/2569 19:29:01","m5/room1/power","room1","{"room":"room1";"current_amp":0;"power_watt":0;"Timestamp":"1999-11-30 00:25:28";"hash":"01c17f990d960f361520eb02e417122b143da15f6f2f5997072f376f1fa21de4"}"
"31/3/2569 19:29:06","m5/room1/power","room1","{"room":"room1";"current_amp":0;"power_watt":0;"Timestamp":"1999-11-30 00:25:33";"hash":"01c17f990d960f361520eb02e417122b143da15f6f2f5997072f376f1fa21de4"}"
"31/3/2569 19:29:13","m5/room1/power","room1","{"room":"room1";"current_amp":0;"power_watt":0;"Timestamp":"1999-11-30 00:25:38";"hash":"01c17f990d960f361520eb02e417122b143da15f6f2f5997072f376f1fa21de4"}"
"31/3/2569 19:29:16","m5/room1/power","room1","{"room":"room1";"current_amp":0;"power_watt":0;"Timestamp":"1999-11-30 00:25:43";"hash":"01c17f990d960f361520eb02e417122b143da15f6f2f5997072f376f1fa21de4"}"
"31/3/2569 19:29:21","m5/room1/power","room1","{"room":"room1";"current_amp":0;"power_watt":0;"Timestamp":"1999-11-30 00:25:48";"hash":"01c17f990d960f361520eb02e417122b143da15f6f2f5997072f376f1fa21de4"}"
"31/3/2569 19:29:26","m5/room1/power","room1","{"room":"room1";"current_amp":0;"power_watt":0;"Timestamp":"1999-11-30 00:25:53";"hash":"01c17f990d960f361520eb02e417122b143da15f6f2f5997072f376f1fa21de4"}"
"31/3/2569 19:29:31","m5/room1/power","room1","{"room":"room1";"current_amp":0;"power_watt":0;"Timestamp":"1999-11-30 00:25:58";"hash":"01c17f990d960f361520eb02e417122b143da15f6f2f5997072f376f1fa21de4"}"
"31/3/2569 19:29:36","m5/room1/power","room1","{"room":"room1";"current_amp":0;"power_watt":0;"Timestamp":"1999-11-30 00:26:03";"hash":"01c17f990d960f361520eb02e417122b143da15f6f2f5997072f376f1fa21de4"}"
"31/3/2569 19:29:41","m5/room1/power","room1","{"room":"room1";"current_amp":0;"power_watt":0;"Timestamp":"1999-11-30 00:26:08";"hash":"01c17f990d960f361520eb02e417122b143da15f6f2f5997072f376f1fa21de4"}"
"31/3/2569 19:29:46","m5/room1/power","room1","{"room":"room1";"current_amp":0;"power_watt":0;"Timestamp":"1999-11-30 00:26:13";"hash":"01c17f990d960f361520eb02e417122b143da15f6f2f5997072f376f1fa21de4"}"
"31/3/2569 19:29:51","m5/room1/power","room1","{"room":"room1";"current_amp":0;"power_watt":0;"Timestamp":"1999-11-30 00:26:18";"hash":"01c17f990d960f361520eb02e417122b143da15f6f2f5997072f376f1fa21de4"}"
"31/3/2569 19:29:56","m5/room1/power","room1","{"room":"room1";"current_amp":0;"power_watt":0;"Timestamp":"1999-11-30 00:26:23";"hash":"01c17f990d960f361520eb02e417122b143da15f6f2f5997072f376f1fa21de4"}"
"31/3/2569 19:30:01","m5/room1/power","room1","{"room":"room1";"current_amp":0;"power_watt":0;"Timestamp":"1999-11-30 00:26:28";"hash":"01c17f990d960f361520eb02e417122b143da15f6f2f5997072f376f1fa21de4"}"
"31/3/2569 19:30:06","m5/room1/power","room1","{"room":"room1";"current_amp":0;"power_watt":0;"Timestamp":"1999-11-30 00:26:33";"hash":"01c17f990d960f361520eb02e417122b143da15f6f2f5997072f376f1fa21de4"}"
"31/3/2569 19:30:11","m5/room1/power","room1","{"room":"room1";"current_amp":0;"power_watt":0;"Timestamp":"1999-11-30 00:26:38";"hash":"01c17f990d960f361520eb02e417122b143da15f6f2f5997072f376f1fa21de4"}"
"31/3/2569 19:30:16","m5/room1/power","room1","{"room":"room1";"current_amp":0;"power_watt":0;"Timestamp":"1999-11-30 00:26:43";"hash":"01c17f990d960f361520eb02e417122b143da15f6f2f5997072f376f1fa21de4"}"
"31/3/2569 19:30:21","m5/room1/power","room1","{"room":"room1";"current_amp":0;"power_watt":0;"Timestamp":"1999-11-30 00:26:48";"hash":"01c17f990d960f361520eb02e417122b143da15f6f2f5997072f376f1fa21de4"}"
"31/3/2569 19:30:26","m5/room1/power","room1","{"room":"room1";"current_amp":0;"power_watt":0;"Timestamp":"1999-11-30 00:26:53";"hash":"01c17f990d960f361520eb02e417122b143da15f6f2f5997072f376f1fa21de4"}"
"31/3/2569 19:30:31","m5/room1/power","room1","{"room":"room1";"current_amp":0;"power_watt":0;"Timestamp":"1999-11-30 00:26:58";"hash":"01c17f990d960f361520eb02e417122b143da15f6f2f5997072f376f1fa21de4"}"
"31/3/2569 19:30:36","m5/room1/power","room1","{"room":"room1";"current_amp":0;"power_watt":0;"Timestamp":"1999-11-30 00:27:03";"hash":"01c17f990d960f361520eb02e417122b143da15f6f2f5997072f376f1fa21de4"}"
"31/3/2569 19:30:41","m5/room1/power","room1","{"room":"room1";"current_amp":0;"power_watt":0;"Timestamp":"1999-11-30 00:27:08";"hash":"01c17f990d960f361520eb02e417122b143da15f6f2f5997072f376f1fa21de4"}"
"31/3/2569 19:30:46","m5/room1/power","room1","{"room":"room1";"current_amp":0;"power_watt":0;"Timestamp":"1999-11-30 00:27:13";"hash":"01c17f990d960f361520eb02e417122b143da15f6f2f5997072f376f1fa21de4"}"
"31/3/2569 19:30:51","m5/room1/power","room1","{"room":"room1";"current_amp":0;"power_watt":0;"Timestamp":"1999-11-30 00:27:18";"hash":"01c17f990d960f361520eb02e417122b143da15f6f2f5997072f376f1fa21de4"}"
"31/3/2569 19:30:56","m5/room1/power","room1","{"room":"room1";"current_amp":0;"power_watt":0;"Timestamp":"1999-11-30 00:27:23";"hash":"01c17f990d960f361520eb02e417122b143da15f6f2f5997072f376f1fa21de4"}"
"31/3/2569 19:31:01","m5/room1/power","room1","{"room":"room1";"current_amp":0;"power_watt":0;"Timestamp":"1999-11-30 00:27:28";"hash":"01c17f990d960f361520eb02e417122b143da15f6f2f5997072f376f1fa21de4"}"
"31/3/2569 19:31:06","m5/room1/power","room1","{"room":"room1";"current_amp":0;"power_watt":0;"Timestamp":"1999-11-30 00:27:33";"hash":"01c17f990d960f361520eb02e417122b143da15f6f2f5997072f376f1fa21de4"}"
"31/3/2569 19:31:11","m5/room1/power","room1","{"room":"room1";"current_amp":0;"power_watt":0;"Timestamp":"1999-11-30 00:27:38";"hash":"01c17f990d960f361520eb02e417122b143da15f6f2f5997072f376f1fa21de4"}"
"31/3/2569 19:31:16","m5/room1/power","room1","{"room":"room1";"current_amp":0;"power_watt":0;"Timestamp":"1999-11-30 00:27:43";"hash":"01c17f990d960f361520eb02e417122b143da15f6f2f5997072f376f1fa21de4"}"
"31/3/2569 19:31:21","m5/room1/power","room1","{"room":"room1";"current_amp":0;"power_watt":0;"Timestamp":"1999-11-30 00:27:48";"hash":"01c17f990d960f361520eb02e417122b143da15f6f2f5997072f376f1fa21de4"}"
"31/3/2569 19:31:26","m5/room1/power","room1","{"room":"room1";"current_amp":0;"power_watt":0;"Timestamp":"1999-11-30 00:27:53";"hash":"01c17f990d960f361520eb02e417122b143da15f6f2f5997072f376f1fa21de4"}"
"31/3/2569 19:31:31","m5/room1/power","room1","{"room":"room1";"current_amp":0;"power_watt":0;"Timestamp":"1999-11-30 00:27:58";"hash":"01c17f990d960f361520eb02e417122b143da15f6f2f5997072f376f1fa21de4"}"
"31/3/2569 19:31:36","m5/room1/power","room1","{"room":"room1";"current_amp":0.11;"power_watt":0.57;"Timestamp":"1999-11-30 00:28:03";"hash":"01c17f990d960f361520eb02e417122b143da15f6f2f5997072f376f1fa21de4"}"
"31/3/2569 19:31:41","m5/room1/power","room1","{"room":"room1";"current_amp":0.22;"power_watt":1.11;"Timestamp":"1999-11-30 00:28:08";"hash":"01c17f990d960f361520eb02e417122b143da15f6f2f5997072f376f1fa21de4"}"
"31/3/2569 19:31:52","m5/room1/power","room1","{"room":"room1";"current_amp":0;"power_watt":0;"Timestamp":"1999-11-30 00:28:18";"hash":"01c17f990d960f361520eb02e417122b143da15f6f2f5997072f376f1fa21de4"}"
"31/3/2569 19:31:57","m5/room1/power","room1","{"room":"room1";"current_amp":0;"power_watt":0;"Timestamp":"1999-11-30 00:28:23";"hash":"01c17f990d960f361520eb02e417122b143da15f6f2f5997072f376f1fa21de4"}"
"31/3/2569 19:32:02","m5/room1/power","room1","{"room":"room1";"current_amp":0;"power_watt":0;"Timestamp":"1999-11-30 00:28:28";"hash":"01c17f990d960f361520eb02e417122b143da15f6f2f5997072f376f1fa21de4"}"
"31/3/2569 19:32:04","m5/room1/doorstatus","room1","{"Register":false;"room":"room1";"status":"open";"M5":true;"RFID":null;"Timestamp":"1999-11-30 00:28:31";"hash":"01c17f990d960f361520eb02e417122b143da15f6f2f5997072f376f1fa21de4"}"
"31/3/2569 19:32:07","m5/room1/doorstatus","room1","{"Register":false;"room":"room1";"status":"closed";"M5":false;"RFID":null;"Timestamp":"1999-11-30 00:28:34";"hash":"01c17f990d960f361520eb02e417122b143da15f6f2f5997072f376f1fa21de4"}"
"31/3/2569 19:32:08","m5/room1/power","room1","{"room":"room1";"current_amp":0;"power_watt":0;"Timestamp":"1999-11-30 00:28:35";"hash":"01c17f990d960f361520eb02e417122b143da15f6f2f5997072f376f1fa21de4"}"
"31/3/2569 19:32:13","m5/room1/power","room1","{"room":"room1";"current_amp":0.08;"power_watt":0.4;"Timestamp":"1999-11-30 00:28:40";"hash":"01c17f990d960f361520eb02e417122b143da15f6f2f5997072f376f1fa21de4"}"
"31/3/2569 19:32:18","m5/room1/power","room1","{"room":"room1";"current_amp":0.08;"power_watt":0.38;"Timestamp":"1999-11-30 00:28:45";"hash":"01c17f990d960f361520eb02e417122b143da15f6f2f5997072f376f1fa21de4"}"
"31/3/2569 19:32:20","m5/room1/doorstatus","room1","{"Register":false;"room":"room1";"status":"open";"M5":false;"RFID":"WEB";"Timestamp":"1999-11-30 00:28:47";"hash":"01c17f990d960f361520eb02e417122b143da15f6f2f5997072f376f1fa21de4"}"
"31/3/2569 19:32:24","m5/room1/power","room1","{"room":"room1";"current_amp":0.13;"power_watt":0.64;"Timestamp":"1999-11-30 00:28:51";"hash":"01c17f990d960f361520eb02e417122b143da15f6f2f5997072f376f1fa21de4"}"
"31/3/2569 19:32:29","m5/room1/power","room1","{"room":"room1";"current_amp":0.07;"power_watt":0.34;"Timestamp":"1999-11-30 00:28:56";"hash":"01c17f990d960f361520eb02e417122b143da15f6f2f5997072f376f1fa21de4"}"
"31/3/2569 19:32:34","m5/room1/power","room1","{"room":"room1";"current_amp":0.08;"power_watt":0.41;"Timestamp":"1999-11-30 00:29:01";"hash":"01c17f990d960f361520eb02e417122b143da15f6f2f5997072f376f1fa21de4"}"
"31/3/2569 19:32:39","m5/room1/power","room1","{"room":"room1";"current_amp":0.07;"power_watt":0.35;"Timestamp":"1999-11-30 00:29:06";"hash":"01c17f990d960f361520eb02e417122b143da15f6f2f5997072f376f1fa21de4"}"
"31/3/2569 19:32:40","m5/room1/doorstatus","room1","{"Register":false;"room":"room1";"status":"denied";"M5":false;"RFID":"93CDCE05";"Timestamp":"1999-11-30 00:29:07";"hash":"01c17f990d960f361520eb02e417122b143da15f6f2f5997072f376f1fa21de4"}"
"31/3/2569 19:32:44","m5/room1/power","room1","{"room":"room1";"current_amp":0.06;"power_watt":0.31;"Timestamp":"1999-11-30 00:29:11";"hash":"01c17f990d960f361520eb02e417122b143da15f6f2f5997072f376f1fa21de4"}"
"31/3/2569 19:32:51","m5/room2/doorstatus","room2","{"Register":false;"room":"room2";"status":"closed";"M5":false;"RFID":null;"Timestamp":"1999-11-30 00:29:18";"hash":"99a3ae2c514ee9ff2d6d79a8029a1f4c520e5d79f79d851f3c456ae49c008c88"}"
"31/3/2569 19:32:51","m5/room1/power","room1","{"room":"room1";"current_amp":0.14;"power_watt":0.71;"Timestamp":"1999-11-30 00:29:18";"hash":"01c17f990d960f361520eb02e417122b143da15f6f2f5997072f376f1fa21de4"}"
"31/3/2569 19:32:54","m5/room1/doorstatus","room1","{"Register":false;"room":"room1";"status":"denied";"M5":false;"RFID":"93CDCE05";"Timestamp":"1999-11-30 00:29:21";"hash":"01c17f990d960f361520eb02e417122b143da15f6f2f5997072f376f1fa21de4"}"
"31/3/2569 19:32:56","m5/room1/power","room1","{"room":"room1";"current_amp":0.05;"power_watt":0.27;"Timestamp":"1999-11-30 00:29:23";"hash":"01c17f990d960f361520eb02e417122b143da15f6f2f5997072f376f1fa21de4"}"
"31/3/2569 19:33:01","m5/room1/power","room1","{"room":"room1";"current_amp":0.05;"power_watt":0.25;"Timestamp":"1999-11-30 00:29:28";"hash":"01c17f990d960f361520eb02e417122b143da15f6f2f5997072f376f1fa21de4"}"
"31/3/2569 19:33:06","m5/room1/power","room1","{"room":"room1";"current_amp":0.05;"power_watt":0.25;"Timestamp":"1999-11-30 00:29:33";"hash":"01c17f990d960f361520eb02e417122b143da15f6f2f5997072f376f1fa21de4"}"
"31/3/2569 19:33:11","m5/room1/power","room1","{"room":"room1";"current_amp":0.06;"power_watt":0.3;"Timestamp":"1999-11-30 00:29:38";"hash":"01c17f990d960f361520eb02e417122b143da15f6f2f5997072f376f1fa21de4"}"
"31/3/2569 19:33:19","m5/room1/power","room1","{"room":"room1";"current_amp":0;"power_watt":0;"Timestamp":"1999-11-30 00:29:46";"hash":"01c17f990d960f361520eb02e417122b143da15f6f2f5997072f376f1fa21de4"}"
"31/3/2569 19:33:24","m5/room1/power","room1","{"room":"room1";"current_amp":0.04;"power_watt":0.2;"Timestamp":"1999-11-30 00:29:51";"hash":"01c17f990d960f361520eb02e417122b143da15f6f2f5997072f376f1fa21de4"}"
"31/3/2569 19:33:24","m5/room1/doorstatus","room1","{"Register":false;"room":"room1";"status":"open";"M5":false;"RFID":"WEB";"Timestamp":"1999-11-30 00:29:51";"hash":"01c17f990d960f361520eb02e417122b143da15f6f2f5997072f376f1fa21de4"}"
"31/3/2569 19:33:27","m5/room1/doorstatus","room1","{"Register":false;"room":"room1";"status":"closed";"M5":false;"RFID":null;"Timestamp":"1999-11-30 00:29:54";"hash":"01c17f990d960f361520eb02e417122b143da15f6f2f5997072f376f1fa21de4"}"
"31/3/2569 19:33:29","m5/room1/power","room1","{"room":"room1";"current_amp":0;"power_watt":0;"Timestamp":"1999-11-30 00:29:56";"hash":"01c17f990d960f361520eb02e417122b143da15f6f2f5997072f376f1fa21de4"}"
"31/3/2569 19:33:34","m5/room1/power","room1","{"room":"room1";"current_amp":0;"power_watt":0;"Timestamp":"1999-11-30 00:30:01";"hash":"01c17f990d960f361520eb02e417122b143da15f6f2f5997072f376f1fa21de4"}"
"31/3/2569 19:33:38","m5/room1/doorstatus","room1","{"Register":false;"room":"room1";"status":"open";"M5":true;"RFID":null;"Timestamp":"1999-11-30 00:30:05";"hash":"01c17f990d960f361520eb02e417122b143da15f6f2f5997072f376f1fa21de4"}"
"31/3/2569 19:33:41","m5/room1/doorstatus","room1","{"Register":false;"room":"room1";"status":"closed";"M5":false;"RFID":null;"Timestamp":"1999-11-30 00:30:08";"hash":"01c17f990d960f361520eb02e417122b143da15f6f2f5997072f376f1fa21de4"}"
"31/3/2569 19:33:42","m5/room1/power","room1","{"room":"room1";"current_amp":0.22;"power_watt":1.12;"Timestamp":"1999-11-30 00:30:09";"hash":"01c17f990d960f361520eb02e417122b143da15f6f2f5997072f376f1fa21de4"}"
"31/3/2569 19:33:47","m5/room1/power","room1","{"room":"room1";"current_amp":0;"power_watt":0;"Timestamp":"1999-11-30 00:30:14";"hash":"01c17f990d960f361520eb02e417122b143da15f6f2f5997072f376f1fa21de4"}"
"31/3/2569 19:33:49","m5/room2/doorstatus","room2","{"Register":false;"room":"room2";"status":"open";"M5":false;"RFID":"449AAD02";"Timestamp":"1999-11-30 00:30:16";"hash":"99a3ae2c514ee9ff2d6d79a8029a1f4c520e5d79f79d851f3c456ae49c008c88"}"
"31/3/2569 19:33:52","m5/room2/doorstatus","room2","{"Register":false;"room":"room2";"status":"closed";"M5":false;"RFID":null;"Timestamp":"1999-11-30 00:30:19";"hash":"99a3ae2c514ee9ff2d6d79a8029a1f4c520e5d79f79d851f3c456ae49c008c88"}"
"31/3/2569 19:33:52","m5/room1/power","room1","{"room":"room1";"current_amp":0.13;"power_watt":0.66;"Timestamp":"1999-11-30 00:30:19";"hash":"01c17f990d960f361520eb02e417122b143da15f6f2f5997072f376f1fa21de4"}"
"31/3/2569 19:33:58","m5/room1/power","room1","{"room":"room1";"current_amp":0;"power_watt":0;"Timestamp":"1999-11-30 00:30:25";"hash":"01c17f990d960f361520eb02e417122b143da15f6f2f5997072f376f1fa21de4"}"
"31/3/2569 19:33:58","m5/room1/doorstatus","room1","{"Register":false;"room":"room1";"status":"open";"M5":false;"RFID":"4F140D35";"Timestamp":"1999-11-30 00:30:25";"hash":"01c17f990d960f361520eb02e417122b143da15f6f2f5997072f376f1fa21de4"}"
"31/3/2569 19:34:01","m5/room1/doorstatus","room1","{"Register":false;"room":"room1";"status":"closed";"M5":false;"RFID":null;"Timestamp":"1999-11-30 00:30:28";"hash":"01c17f990d960f361520eb02e417122b143da15f6f2f5997072f376f1fa21de4"}"
"31/3/2569 19:34:03","m5/room1/power","room1","{"room":"room1";"current_amp":0;"power_watt":0;"Timestamp":"1999-11-30 00:30:30";"hash":"01c17f990d960f361520eb02e417122b143da15f6f2f5997072f376f1fa21de4"}"
"31/3/2569 19:34:06","m5/room1/doorstatus","room1","{"Register":false;"room":"room1";"status":"denied";"M5":false;"RFID":"93CDCE05";"Timestamp":"1999-11-30 00:30:33";"hash":"01c17f990d960f361520eb02e417122b143da15f6f2f5997072f376f1fa21de4"}"
"31/3/2569 19:34:08","m5/room1/power","room1","{"room":"room1";"current_amp":0;"power_watt":0;"Timestamp":"1999-11-30 00:30:35";"hash":"01c17f990d960f361520eb02e417122b143da15f6f2f5997072f376f1fa21de4"}"
"31/3/2569 19:34:13","m5/room1/power","room1","{"room":"room1";"current_amp":0;"power_watt":0;"Timestamp":"1999-11-30 00:30:40";"hash":"01c17f990d960f361520eb02e417122b143da15f6f2f5997072f376f1fa21de4"}"
"31/3/2569 19:34:18","m5/room1/power","room1","{"room":"room1";"current_amp":0;"power_watt":0;"Timestamp":"1999-11-30 00:30:45";"hash":"01c17f990d960f361520eb02e417122b143da15f6f2f5997072f376f1fa21de4"}"
"31/3/2569 19:34:23","m5/room1/power","room1","{"room":"room1";"current_amp":0;"power_watt":0;"Timestamp":"1999-11-30 00:30:50";"hash":"01c17f990d960f361520eb02e417122b143da15f6f2f5997072f376f1fa21de4"}"
"31/3/2569 19:34:28","m5/room1/power","room1","{"room":"room1";"current_amp":0;"power_watt":0;"Timestamp":"1999-11-30 00:30:55";"hash":"01c17f990d960f361520eb02e417122b143da15f6f2f5997072f376f1fa21de4"}"
"31/3/2569 19:34:33","m5/room1/power","room1","{"room":"room1";"current_amp":0;"power_watt":0;"Timestamp":"1999-11-30 00:31:00";"hash":"01c17f990d960f361520eb02e417122b143da15f6f2f5997072f376f1fa21de4"}"
"31/3/2569 19:34:38","m5/room1/power","room1","{"room":"room1";"current_amp":0;"power_watt":0;"Timestamp":"1999-11-30 00:31:05";"hash":"01c17f990d960f361520eb02e417122b143da15f6f2f5997072f376f1fa21de4"}"
"31/3/2569 19:34:43","m5/room1/power","room1","{"room":"room1";"current_amp":0;"power_watt":0;"Timestamp":"1999-11-30 00:31:10";"hash":"01c17f990d960f361520eb02e417122b143da15f6f2f5997072f376f1fa21de4"}"
"31/3/2569 19:34:48","m5/room1/power","room1","{"room":"room1";"current_amp":0;"power_watt":0;"Timestamp":"1999-11-30 00:31:15";"hash":"01c17f990d960f361520eb02e417122b143da15f6f2f5997072f376f1fa21de4"}"
"31/3/2569 19:34:53","m5/room1/power","room1","{"room":"room1";"current_amp":0;"power_watt":0;"Timestamp":"1999-11-30 00:31:20";"hash":"01c17f990d960f361520eb02e417122b143da15f6f2f5997072f376f1fa21de4"}"
"31/3/2569 19:34:58","m5/room1/power","room1","{"room":"room1";"current_amp":0;"power_watt":0;"Timestamp":"1999-11-30 00:31:25";"hash":"01c17f990d960f361520eb02e417122b143da15f6f2f5997072f376f1fa21de4"}"
"31/3/2569 19:35:03","m5/room1/power","room1","{"room":"room1";"current_amp":0;"power_watt":0;"Timestamp":"1999-11-30 00:31:30";"hash":"01c17f990d960f361520eb02e417122b143da15f6f2f5997072f376f1fa21de4"}"
"31/3/2569 19:35:08","m5/room1/power","room1","{"room":"room1";"current_amp":0;"power_watt":0;"Timestamp":"1999-11-30 00:31:35";"hash":"01c17f990d960f361520eb02e417122b143da15f6f2f5997072f376f1fa21de4"}"
"31/3/2569 19:35:13","m5/room1/power","room1","{"room":"room1";"current_amp":0;"power_watt":0;"Timestamp":"1999-11-30 00:31:40";"hash":"01c17f990d960f361520eb02e417122b143da15f6f2f5997072f376f1fa21de4"}"
"31/3/2569 19:35:18","m5/room1/power","room1","{"room":"room1";"current_amp":0;"power_watt":0;"Timestamp":"1999-11-30 00:31:45";"hash":"01c17f990d960f361520eb02e417122b143da15f6f2f5997072f376f1fa21de4"}"
"31/3/2569 19:35:23","m5/room1/power","room1","{"room":"room1";"current_amp":0;"power_watt":0;"Timestamp":"1999-11-30 00:31:50";"hash":"01c17f990d960f361520eb02e417122b143da15f6f2f5997072f376f1fa21de4"}"
"31/3/2569 19:35:28","m5/room1/power","room1","{"room":"room1";"current_amp":0;"power_watt":0;"Timestamp":"1999-11-30 00:31:55";"hash":"01c17f990d960f361520eb02e417122b143da15f6f2f5997072f376f1fa21de4"}"
"31/3/2569 19:35:33","m5/room1/power","room1","{"room":"room1";"current_amp":0;"power_watt":0;"Timestamp":"1999-11-30 00:32:00";"hash":"01c17f990d960f361520eb02e417122b143da15f6f2f5997072f376f1fa21de4"}"
"31/3/2569 19:35:38","m5/room1/power","room1","{"room":"room1";"current_amp":0;"power_watt":0;"Timestamp":"1999-11-30 00:32:05";"hash":"01c17f990d960f361520eb02e417122b143da15f6f2f5997072f376f1fa21de4"}"
"31/3/2569 19:35:43","m5/room1/power","room1","{"room":"room1";"current_amp":0;"power_watt":0;"Timestamp":"1999-11-30 00:32:10";"hash":"01c17f990d960f361520eb02e417122b143da15f6f2f5997072f376f1fa21de4"}"
"31/3/2569 19:52:03","m5/room1/power","room1","{"room":"room1";"current_amp":0;"power_watt":0;"Timestamp":"1999-11-30 00:48:30";"hash":"01c17f990d960f361520eb02e417122b143da15f6f2f5997072f376f1fa21de4"}"
"31/3/2569 19:52:08","m5/room1/power","room1","{"room":"room1";"current_amp":0;"power_watt":0;"Timestamp":"1999-11-30 00:48:35";"hash":"01c17f990d960f361520eb02e417122b143da15f6f2f5997072f376f1fa21de4"}"
"31/3/2569 19:52:17","m5/room1/power","room1","{"room":"room1";"current_amp":0;"power_watt":0;"Timestamp":"1999-11-30 00:48:40";"hash":"01c17f990d960f361520eb02e417122b143da15f6f2f5997072f376f1fa21de4"}"
"31/3/2569 19:52:17","m5/room1/doorstatus","room1","{"Register":false;"room":"room1";"status":"open";"M5":true;"RFID":null;"Timestamp":"1999-11-30 00:48:43";"hash":"01c17f990d960f361520eb02e417122b143da15f6f2f5997072f376f1fa21de4"}"
"31/3/2569 19:52:23","m5/room1/doorstatus","room1","{"Register":false;"room":"room1";"status":"closed";"M5":true;"RFID":null;"Timestamp":"1999-11-30 00:48:46";"hash":"01c17f990d960f361520eb02e417122b143da15f6f2f5997072f376f1fa21de4"}"
"31/3/2569 19:52:27","m5/room1/power","room1","{"room":"room1";"current_amp":0.09;"power_watt":0.46;"Timestamp":"1999-11-30 00:48:47";"hash":"01c17f990d960f361520eb02e417122b143da15f6f2f5997072f376f1fa21de4"}"
"31/3/2569 19:52:27","m5/room1/power","room1","{"room":"room1";"current_amp":0;"power_watt":0;"Timestamp":"1999-11-30 00:48:52";"hash":"01c17f990d960f361520eb02e417122b143da15f6f2f5997072f376f1fa21de4"}"
"31/3/2569 19:52:30","m5/room1/power","room1","{"room":"room1";"current_amp":0;"power_watt":0;"Timestamp":"1999-11-30 00:48:57";"hash":"01c17f990d960f361520eb02e417122b143da15f6f2f5997072f376f1fa21de4"}"
"31/3/2569 19:52:33","m5/room2/doorstatus","room2","{"Register":false;"room":"room2";"status":"open";"M5":false;"RFID":"449AAD02";"Timestamp":"1999-11-30 00:49:00";"hash":"99a3ae2c514ee9ff2d6d79a8029a1f4c520e5d79f79d851f3c456ae49c008c88"}"
"31/3/2569 19:52:37","m5/room2/doorstatus","room2","{"Register":false;"room":"room2";"status":"closed";"M5":true;"RFID":null;"Timestamp":"1999-11-30 00:49:03";"hash":"99a3ae2c514ee9ff2d6d79a8029a1f4c520e5d79f79d851f3c456ae49c008c88"}"
"31/3/2569 19:52:38","m5/room1/power","room1","{"room":"room1";"current_amp":0.1;"power_watt":0.5;"Timestamp":"1999-11-30 00:49:04";"hash":"01c17f990d960f361520eb02e417122b143da15f6f2f5997072f376f1fa21de4"}"
"31/3/2569 19:52:43","m5/room1/power","room1","{"room":"room1";"current_amp":0;"power_watt":0;"Timestamp":"1999-11-30 00:49:09";"hash":"01c17f990d960f361520eb02e417122b143da15f6f2f5997072f376f1fa21de4"}"
"31/3/2569 19:52:47","m5/room1/power","room1","{"room":"room1";"current_amp":0;"power_watt":0;"Timestamp":"1999-11-30 00:49:14";"hash":"01c17f990d960f361520eb02e417122b143da15f6f2f5997072f376f1fa21de4"}"
"31/3/2569 19:52:52","m5/room1/power","room1","{"room":"room1";"current_amp":0.05;"power_watt":0.25;"Timestamp":"1999-11-30 00:49:19";"hash":"01c17f990d960f361520eb02e417122b143da15f6f2f5997072f376f1fa21de4"}"
"31/3/2569 19:52:58","m5/room1/power","room1","{"room":"room1";"current_amp":0;"power_watt":0;"Timestamp":"1999-11-30 00:49:24";"hash":"01c17f990d960f361520eb02e417122b143da15f6f2f5997072f376f1fa21de4"}"
"31/3/2569 19:53:02","m5/room1/power","room1","{"room":"room1";"current_amp":0;"power_watt":0;"Timestamp":"1999-11-30 00:49:29";"hash":"01c17f990d960f361520eb02e417122b143da15f6f2f5997072f376f1fa21de4"}"
"31/3/2569 19:53:17","m5/room1/power","room1","{"room":"room1";"current_amp":0;"power_watt":0;"Timestamp":"1999-11-30 00:49:34";"hash":"01c17f990d960f361520eb02e417122b143da15f6f2f5997072f376f1fa21de4"}"
"31/3/2569 19:53:17","m5/room1/power","room1","{"room":"room1";"current_amp":0;"power_watt":0;"Timestamp":"1999-11-30 00:49:39";"hash":"01c17f990d960f361520eb02e417122b143da15f6f2f5997072f376f1fa21de4"}"
"31/3/2569 19:53:18","m5/room1/power","room1","{"room":"room1";"current_amp":0;"power_watt":0;"Timestamp":"1999-11-30 00:49:44";"hash":"01c17f990d960f361520eb02e417122b143da15f6f2f5997072f376f1fa21de4"}"
"31/3/2569 19:53:30","m5/room1/power","room1","{"room":"room1";"current_amp":0;"power_watt":0;"Timestamp":"1999-11-30 00:49:49";"hash":"01c17f990d960f361520eb02e417122b143da15f6f2f5997072f376f1fa21de4"}"
"31/3/2569 19:53:31","m5/room1/power","room1","{"room":"room1";"current_amp":0;"power_watt":0;"Timestamp":"1999-11-30 00:49:54";"hash":"01c17f990d960f361520eb02e417122b143da15f6f2f5997072f376f1fa21de4"}"
"31/3/2569 19:53:33","m5/room1/power","room1","{"room":"room1";"current_amp":0;"power_watt":0;"Timestamp":"1999-11-30 00:49:59";"hash":"01c17f990d960f361520eb02e417122b143da15f6f2f5997072f376f1fa21de4"}"
"31/3/2569 19:53:46","m5/room1/power","room1","{"room":"room1";"current_amp":0;"power_watt":0;"Timestamp":"1999-11-30 00:50:12";"hash":"01c17f990d960f361520eb02e417122b143da15f6f2f5997072f376f1fa21de4"}"
"31/3/2569 19:53:47","m5/room2/doorstatus","room2","{"Register":false;"room":"room2";"status":"open";"M5":false;"RFID":"449AAD02";"Timestamp":"1999-11-30 00:50:13";"hash":"99a3ae2c514ee9ff2d6d79a8029a1f4c520e5d79f79d851f3c456ae49c008c88"}"
"31/3/2569 19:53:50","m5/room2/doorstatus","room2","{"Register":false;"room":"room2";"status":"closed";"M5":true;"RFID":null;"Timestamp":"1999-11-30 00:50:16";"hash":"99a3ae2c514ee9ff2d6d79a8029a1f4c520e5d79f79d851f3c456ae49c008c88"}"
"31/3/2569 19:53:51","m5/room1/power","room1","{"room":"room1";"current_amp":0;"power_watt":0;"Timestamp":"1999-11-30 00:50:17";"hash":"01c17f990d960f361520eb02e417122b143da15f6f2f5997072f376f1fa21de4"}"
"31/3/2569 19:53:56","m5/room1/power","room1","{"room":"room1";"current_amp":0;"power_watt":0;"Timestamp":"1999-11-30 00:50:22";"hash":"01c17f990d960f361520eb02e417122b143da15f6f2f5997072f376f1fa21de4"}"
"31/3/2569 19:53:58","m5/room1/doorstatus","room1","{"Register":false;"room":"room1";"status":"open";"M5":false;"RFID":"4F140D35";"Timestamp":"1999-11-30 00:50:25";"hash":"01c17f990d960f361520eb02e417122b143da15f6f2f5997072f376f1fa21de4"}"
"31/3/2569 19:54:01","m5/room1/doorstatus","room1","{"Register":false;"room":"room1";"status":"closed";"M5":true;"RFID":null;"Timestamp":"1999-11-30 00:50:28";"hash":"01c17f990d960f361520eb02e417122b143da15f6f2f5997072f376f1fa21de4"}"
"31/3/2569 19:54:02","m5/room1/power","room1","{"room":"room1";"current_amp":0.08;"power_watt":0.39;"Timestamp":"1999-11-30 00:50:29";"hash":"01c17f990d960f361520eb02e417122b143da15f6f2f5997072f376f1fa21de4"}"
"31/3/2569 19:54:07","m5/room1/power","room1","{"room":"room1";"current_amp":0;"power_watt":0;"Timestamp":"1999-11-30 00:50:34";"hash":"01c17f990d960f361520eb02e417122b143da15f6f2f5997072f376f1fa21de4"}"
"31/3/2569 19:54:12","m5/room1/power","room1","{"room":"room1";"current_amp":0;"power_watt":0;"Timestamp":"1999-11-30 00:50:39";"hash":"01c17f990d960f361520eb02e417122b143da15f6f2f5997072f376f1fa21de4"}"
"31/3/2569 19:54:14","m5/room1/doorstatus","room1","{"Register":false;"room":"room1";"status":"open";"M5":false;"RFID":"WEB";"Timestamp":"1999-11-30 00:50:39";"hash":"01c17f990d960f361520eb02e417122b143da15f6f2f5997072f376f1fa21de4"}"
"31/3/2569 19:54:15","m5/room1/doorstatus","room1","{"Register":false;"room":"room1";"status":"closed";"M5":true;"RFID":null;"Timestamp":"1999-11-30 00:50:42";"hash":"01c17f990d960f361520eb02e417122b143da15f6f2f5997072f376f1fa21de4"}"
"31/3/2569 19:54:23","m5/room1/power","room1","{"room":"room1";"current_amp":0;"power_watt":0;"Timestamp":"1999-11-30 00:50:44";"hash":"01c17f990d960f361520eb02e417122b143da15f6f2f5997072f376f1fa21de4"}"
"31/3/2569 19:54:23","m5/room1/doorstatus","room1","{"Register":false;"room":"room1";"status":"open";"M5":false;"RFID":"WEB";"Timestamp":"1999-11-30 00:50:45";"hash":"01c17f990d960f361520eb02e417122b143da15f6f2f5997072f376f1fa21de4"}"
"31/3/2569 19:54:23","m5/room1/doorstatus","room1","{"Register":false;"room":"room1";"status":"closed";"M5":true;"RFID":null;"Timestamp":"1999-11-30 00:50:48";"hash":"01c17f990d960f361520eb02e417122b143da15f6f2f5997072f376f1fa21de4"}"
"31/3/2569 19:54:23","m5/room1/power","room1","{"room":"room1";"current_amp":0.1;"power_watt":0.5;"Timestamp":"1999-11-30 00:50:49";"hash":"01c17f990d960f361520eb02e417122b143da15f6f2f5997072f376f1fa21de4"}"
"31/3/2569 19:54:27","m5/room1/power","room1","{"room":"room1";"current_amp":0;"power_watt":0;"Timestamp":"1999-11-30 00:50:54";"hash":"01c17f990d960f361520eb02e417122b143da15f6f2f5997072f376f1fa21de4"}"
"31/3/2569 19:54:32","m5/room1/power","room1","{"room":"room1";"current_amp":0;"power_watt":0;"Timestamp":"1999-11-30 00:50:59";"hash":"01c17f990d960f361520eb02e417122b143da15f6f2f5997072f376f1fa21de4"}"
"31/3/2569 19:54:37","m5/room1/power","room1","{"room":"room1";"current_amp":0;"power_watt":0;"Timestamp":"1999-11-30 00:51:04";"hash":"01c17f990d960f361520eb02e417122b143da15f6f2f5997072f376f1fa21de4"}"
"31/3/2569 19:54:42","m5/room1/power","room1","{"room":"room1";"current_amp":0;"power_watt":0;"Timestamp":"1999-11-30 00:51:09";"hash":"01c17f990d960f361520eb02e417122b143da15f6f2f5997072f376f1fa21de4"}"
"31/3/2569 19:54:47","m5/room1/power","room1","{"room":"room1";"current_amp":0;"power_watt":0;"Timestamp":"1999-11-30 00:51:14";"hash":"01c17f990d960f361520eb02e417122b143da15f6f2f5997072f376f1fa21de4"}"
"31/3/2569 19:54:58","m5/room1/power","room1","{"room":"room1";"current_amp":0;"power_watt":0;"Timestamp":"1999-11-30 00:51:19";"hash":"01c17f990d960f361520eb02e417122b143da15f6f2f5997072f376f1fa21de4"}"
"31/3/2569 19:54:58","m5/room1/doorstatus","room1","{"Register":false;"room":"room1";"status":"open";"M5":true;"RFID":null;"Timestamp":"1999-11-30 00:51:23";"hash":"01c17f990d960f361520eb02e417122b143da15f6f2f5997072f376f1fa21de4"}"
"31/3/2569 19:54:59","m5/room1/doorstatus","room1","{"Register":false;"room":"room1";"status":"closed";"M5":true;"RFID":null;"Timestamp":"1999-11-30 00:51:26";"hash":"01c17f990d960f361520eb02e417122b143da15f6f2f5997072f376f1fa21de4"}"
"31/3/2569 19:55:00","m5/room1/power","room1","{"room":"room1";"current_amp":0.1;"power_watt":0.5;"Timestamp":"1999-11-30 00:51:27";"hash":"01c17f990d960f361520eb02e417122b143da15f6f2f5997072f376f1fa21de4"}"
"31/3/2569 19:55:03","m5/room1/doorstatus","room1","{"Register":false;"room":"room1";"status":"open";"M5":false;"RFID":"WEB";"Timestamp":"1999-11-30 00:51:29";"hash":"01c17f990d960f361520eb02e417122b143da15f6f2f5997072f376f1fa21de4"}"
"31/3/2569 19:55:05","m5/room1/doorstatus","room1","{"Register":false;"room":"room1";"status":"closed";"M5":true;"RFID":null;"Timestamp":"1999-11-30 00:51:32";"hash":"01c17f990d960f361520eb02e417122b143da15f6f2f5997072f376f1fa21de4"}"
"31/3/2569 19:55:06","m5/room1/power","room1","{"room":"room1";"current_amp":0.08;"power_watt":0.39;"Timestamp":"1999-11-30 00:51:32";"hash":"01c17f990d960f361520eb02e417122b143da15f6f2f5997072f376f1fa21de4"}"
"31/3/2569 19:55:10","m5/room1/power","room1","{"room":"room1";"current_amp":0;"power_watt":0;"Timestamp":"1999-11-30 00:51:37";"hash":"01c17f990d960f361520eb02e417122b143da15f6f2f5997072f376f1fa21de4"}"
"31/3/2569 19:55:11","m5/room1/doorstatus","room1","{"Register":false;"room":"room1";"status":"open";"M5":false;"RFID":"WEB";"Timestamp":"1999-11-30 00:51:38";"hash":"01c17f990d960f361520eb02e417122b143da15f6f2f5997072f376f1fa21de4"}"
"31/3/2569 19:55:14","m5/room1/doorstatus","room1","{"Register":false;"room":"room1";"status":"closed";"M5":true;"RFID":null;"Timestamp":"1999-11-30 00:51:41";"hash":"01c17f990d960f361520eb02e417122b143da15f6f2f5997072f376f1fa21de4"}"
"31/3/2569 19:55:16","m5/room1/power","room1","{"room":"room1";"current_amp":0;"power_watt":0;"Timestamp":"1999-11-30 00:51:42";"hash":"01c17f990d960f361520eb02e417122b143da15f6f2f5997072f376f1fa21de4"}"
"31/3/2569 19:55:20","m5/room1/power","room1","{"room":"room1";"current_amp":0;"power_watt":0;"Timestamp":"1999-11-30 00:51:47";"hash":"01c17f990d960f361520eb02e417122b143da15f6f2f5997072f376f1fa21de4"}"
"31/3/2569 19:55:25","m5/room1/power","room1","{"room":"room1";"current_amp":0;"power_watt":0;"Timestamp":"1999-11-30 00:51:52";"hash":"01c17f990d960f361520eb02e417122b143da15f6f2f5997072f376f1fa21de4"}"
"31/3/2569 19:55:31","m5/room1/power","room1","{"room":"room1";"current_amp":0;"power_watt":0;"Timestamp":"1999-11-30 00:51:57";"hash":"01c17f990d960f361520eb02e417122b143da15f6f2f5997072f376f1fa21de4"}"
"31/3/2569 19:55:36","m5/room1/power","room1","{"room":"room1";"current_amp":0;"power_watt":0;"Timestamp":"1999-11-30 00:52:02";"hash":"01c17f990d960f361520eb02e417122b143da15f6f2f5997072f376f1fa21de4"}"
"31/3/2569 19:55:41","m5/room1/power","room1","{"room":"room1";"current_amp":0;"power_watt":0;"Timestamp":"1999-11-30 00:52:07";"hash":"01c17f990d960f361520eb02e417122b143da15f6f2f5997072f376f1fa21de4"}"
"31/3/2569 19:55:46","m5/room1/power","room1","{"room":"room1";"current_amp":0;"power_watt":0;"Timestamp":"1999-11-30 00:52:12";"hash":"01c17f990d960f361520eb02e417122b143da15f6f2f5997072f376f1fa21de4"}"
"31/3/2569 19:55:51","m5/room1/power","room1","{"room":"room1";"current_amp":0;"power_watt":0;"Timestamp":"1999-11-30 00:52:17";"hash":"01c17f990d960f361520eb02e417122b143da15f6f2f5997072f376f1fa21de4"}"
"31/3/2569 19:55:56","m5/room1/power","room1","{"room":"room1";"current_amp":0;"power_watt":0;"Timestamp":"1999-11-30 00:52:22";"hash":"01c17f990d960f361520eb02e417122b143da15f6f2f5997072f376f1fa21de4"}"
"31/3/2569 19:56:01","m5/room1/power","room1","{"room":"room1";"current_amp":0;"power_watt":0;"Timestamp":"1999-11-30 00:52:27";"hash":"01c17f990d960f361520eb02e417122b143da15f6f2f5997072f376f1fa21de4"}"
"31/3/2569 19:56:06","m5/room1/power","room1","{"room":"room1";"current_amp":0;"power_watt":0;"Timestamp":"1999-11-30 00:52:32";"hash":"01c17f990d960f361520eb02e417122b143da15f6f2f5997072f376f1fa21de4"}"
"31/3/2569 19:56:12","m5/room1/power","room1","{"room":"room1";"current_amp":0;"power_watt":0;"Timestamp":"1999-11-30 00:52:37";"hash":"01c17f990d960f361520eb02e417122b143da15f6f2f5997072f376f1fa21de4"}"
"31/3/2569 19:56:16","m5/room1/power","room1","{"room":"room1";"current_amp":0;"power_watt":0;"Timestamp":"1999-11-30 00:52:43";"hash":"01c17f990d960f361520eb02e417122b143da15f6f2f5997072f376f1fa21de4"}"
"31/3/2569 19:56:21","m5/room1/power","room1","{"room":"room1";"current_amp":0;"power_watt":0;"Timestamp":"1999-11-30 00:52:48";"hash":"01c17f990d960f361520eb02e417122b143da15f6f2f5997072f376f1fa21de4"}"
"31/3/2569 19:56:26","m5/room1/power","room1","{"room":"room1";"current_amp":0;"power_watt":0;"Timestamp":"1999-11-30 00:52:53";"hash":"01c17f990d960f361520eb02e417122b143da15f6f2f5997072f376f1fa21de4"}"
"31/3/2569 19:56:31","m5/room1/power","room1","{"room":"room1";"current_amp":0;"power_watt":0;"Timestamp":"1999-11-30 00:52:58";"hash":"01c17f990d960f361520eb02e417122b143da15f6f2f5997072f376f1fa21de4"}"
"31/3/2569 19:56:36","m5/room1/power","room1","{"room":"room1";"current_amp":0;"power_watt":0;"Timestamp":"1999-11-30 00:53:03";"hash":"01c17f990d960f361520eb02e417122b143da15f6f2f5997072f376f1fa21de4"}"
"31/3/2569 19:56:43","m5/room1/power","room1","{"room":"room1";"current_amp":0;"power_watt":0;"Timestamp":"1999-11-30 00:53:08";"hash":"01c17f990d960f361520eb02e417122b143da15f6f2f5997072f376f1fa21de4"}"
"31/3/2569 19:56:45","m5/room1/doorstatus","room1","{"Register":true;"room":"room1";"status":"saved";"M5":false;"RFID":"93CDCE05";"Timestamp":"1999-11-30 00:53:11";"hash":"01c17f990d960f361520eb02e417122b143da15f6f2f5997072f376f1fa21de4"}"
"31/3/2569 19:56:46","m5/room1/power","room1","{"room":"room1";"current_amp":0;"power_watt":0;"Timestamp":"1999-11-30 00:53:13";"hash":"01c17f990d960f361520eb02e417122b143da15f6f2f5997072f376f1fa21de4"}"
"31/3/2569 19:56:51","m5/room1/power","room1","{"room":"room1";"current_amp":0;"power_watt":0;"Timestamp":"1999-11-30 00:53:18";"hash":"01c17f990d960f361520eb02e417122b143da15f6f2f5997072f376f1fa21de4"}"
"31/3/2569 19:56:56","m5/room1/power","room1","{"room":"room1";"current_amp":0.05;"power_watt":0.27;"Timestamp":"1999-11-30 00:53:23";"hash":"01c17f990d960f361520eb02e417122b143da15f6f2f5997072f376f1fa21de4"}"
"31/3/2569 19:57:03","m5/room1/power","room1","{"room":"room1";"current_amp":0.06;"power_watt":0.28;"Timestamp":"1999-11-30 00:53:28";"hash":"01c17f990d960f361520eb02e417122b143da15f6f2f5997072f376f1fa21de4"}"
"31/3/2569 19:57:06","m5/room1/power","room1","{"room":"room1";"current_amp":0.06;"power_watt":0.29;"Timestamp":"1999-11-30 00:53:33";"hash":"01c17f990d960f361520eb02e417122b143da15f6f2f5997072f376f1fa21de4"}"
"31/3/2569 19:57:11","m5/room1/power","room1","{"room":"room1";"current_amp":0;"power_watt":0;"Timestamp":"1999-11-30 00:53:38";"hash":"01c17f990d960f361520eb02e417122b143da15f6f2f5997072f376f1fa21de4"}"
"31/3/2569 19:57:16","m5/room1/power","room1","{"room":"room1";"current_amp":0;"power_watt":0;"Timestamp":"1999-11-30 00:53:43";"hash":"01c17f990d960f361520eb02e417122b143da15f6f2f5997072f376f1fa21de4"}"
"31/3/2569 19:57:22","m5/room1/doorstatus","room1","{"Register":false;"room":"room1";"status":"denied";"M5":false;"RFID":"4F140D35";"Timestamp":"1999-11-30 00:53:46";"hash":"01c17f990d960f361520eb02e417122b143da15f6f2f5997072f376f1fa21de4"}"
"31/3/2569 19:57:23","m5/room1/power","room1","{"room":"room1";"current_amp":0;"power_watt":0;"Timestamp":"1999-11-30 00:53:48";"hash":"01c17f990d960f361520eb02e417122b143da15f6f2f5997072f376f1fa21de4"}"
"31/3/2569 19:57:26","m5/room1/power","room1","{"room":"room1";"current_amp":0;"power_watt":0;"Timestamp":"1999-11-30 00:53:53";"hash":"01c17f990d960f361520eb02e417122b143da15f6f2f5997072f376f1fa21de4"}"
"31/3/2569 19:57:31","m5/room1/power","room1","{"room":"room1";"current_amp":0;"power_watt":0;"Timestamp":"1999-11-30 00:53:58";"hash":"01c17f990d960f361520eb02e417122b143da15f6f2f5997072f376f1fa21de4"}"
"31/3/2569 19:57:36","m5/room1/power","room1","{"room":"room1";"current_amp":0;"power_watt":0;"Timestamp":"1999-11-30 00:54:03";"hash":"01c17f990d960f361520eb02e417122b143da15f6f2f5997072f376f1fa21de4"}"
"31/3/2569 19:57:41","m5/room1/power","room1","{"room":"room1";"current_amp":0;"power_watt":0;"Timestamp":"1999-11-30 00:54:08";"hash":"01c17f990d960f361520eb02e417122b143da15f6f2f5997072f376f1fa21de4"}"
"31/3/2569 19:57:46","m5/room1/power","room1","{"room":"room1";"current_amp":0;"power_watt":0;"Timestamp":"1999-11-30 00:54:13";"hash":"01c17f990d960f361520eb02e417122b143da15f6f2f5997072f376f1fa21de4"}"
"31/3/2569 19:57:51","m5/room1/power","room1","{"room":"room1";"current_amp":0;"power_watt":0;"Timestamp":"1999-11-30 00:54:18";"hash":"01c17f990d960f361520eb02e417122b143da15f6f2f5997072f376f1fa21de4"}"
"31/3/2569 19:57:56","m5/room1/power","room1","{"room":"room1";"current_amp":0;"power_watt":0;"Timestamp":"1999-11-30 00:54:23";"hash":"01c17f990d960f361520eb02e417122b143da15f6f2f5997072f376f1fa21de4"}"
"31/3/2569 19:58:01","m5/room1/power","room1","{"room":"room1";"current_amp":0;"power_watt":0;"Timestamp":"1999-11-30 00:54:28";"hash":"01c17f990d960f361520eb02e417122b143da15f6f2f5997072f376f1fa21de4"}"
"31/3/2569 19:58:06","m5/room1/power","room1","{"room":"room1";"current_amp":0;"power_watt":0;"Timestamp":"1999-11-30 00:54:33";"hash":"01c17f990d960f361520eb02e417122b143da15f6f2f5997072f376f1fa21de4"}"
"31/3/2569 19:58:11","m5/room1/power","room1","{"room":"room1";"current_amp":0;"power_watt":0;"Timestamp":"1999-11-30 00:54:38";"hash":"01c17f990d960f361520eb02e417122b143da15f6f2f5997072f376f1fa21de4"}"
"31/3/2569 19:58:16","m5/room1/power","room1","{"room":"room1";"current_amp":0;"power_watt":0;"Timestamp":"1999-11-30 00:54:43";"hash":"01c17f990d960f361520eb02e417122b143da15f6f2f5997072f376f1fa21de4"}"
"31/3/2569 19:58:21","m5/room1/power","room1","{"room":"room1";"current_amp":0;"power_watt":0;"Timestamp":"1999-11-30 00:54:48";"hash":"01c17f990d960f361520eb02e417122b143da15f6f2f5997072f376f1fa21de4"}"
"31/3/2569 19:58:27","m5/room1/power","room1","{"room":"room1";"current_amp":0;"power_watt":0;"Timestamp":"1999-11-30 00:54:53";"hash":"01c17f990d960f361520eb02e417122b143da15f6f2f5997072f376f1fa21de4"}"
"31/3/2569 19:58:31","m5/room1/power","room1","{"room":"room1";"current_amp":0;"power_watt":0;"Timestamp":"1999-11-30 00:54:58";"hash":"01c17f990d960f361520eb02e417122b143da15f6f2f5997072f376f1fa21de4"}"
"31/3/2569 19:58:36","m5/room1/power","room1","{"room":"room1";"current_amp":0;"power_watt":0;"Timestamp":"1999-11-30 00:55:03";"hash":"01c17f990d960f361520eb02e417122b143da15f6f2f5997072f376f1fa21de4"}"
"31/3/2569 19:58:41","m5/room1/power","room1","{"room":"room1";"current_amp":0;"power_watt":0;"Timestamp":"1999-11-30 00:55:08";"hash":"01c17f990d960f361520eb02e417122b143da15f6f2f5997072f376f1fa21de4"}"
"31/3/2569 19:58:46","m5/room1/power","room1","{"room":"room1";"current_amp":0;"power_watt":0;"Timestamp":"1999-11-30 00:55:13";"hash":"01c17f990d960f361520eb02e417122b143da15f6f2f5997072f376f1fa21de4"}"
"31/3/2569 19:58:51","m5/room1/power","room1","{"room":"room1";"current_amp":0;"power_watt":0;"Timestamp":"1999-11-30 00:55:18";"hash":"01c17f990d960f361520eb02e417122b143da15f6f2f5997072f376f1fa21de4"}"
"31/3/2569 19:58:56","m5/room1/power","room1","{"room":"room1";"current_amp":0;"power_watt":0;"Timestamp":"1999-11-30 00:55:23";"hash":"01c17f990d960f361520eb02e417122b143da15f6f2f5997072f376f1fa21de4"}"
"31/3/2569 19:59:01","m5/room1/power","room1","{"room":"room1";"current_amp":0;"power_watt":0;"Timestamp":"1999-11-30 00:55:28";"hash":"01c17f990d960f361520eb02e417122b143da15f6f2f5997072f376f1fa21de4"}"
"31/3/2569 19:59:06","m5/room1/power","room1","{"room":"room1";"current_amp":0;"power_watt":0;"Timestamp":"1999-11-30 00:55:33";"hash":"01c17f990d960f361520eb02e417122b143da15f6f2f5997072f376f1fa21de4"}"
"31/3/2569 19:59:11","m5/room1/power","room1","{"room":"room1";"current_amp":0;"power_watt":0;"Timestamp":"1999-11-30 00:55:38";"hash":"01c17f990d960f361520eb02e417122b143da15f6f2f5997072f376f1fa21de4"}"
"31/3/2569 19:59:16","m5/room1/power","room1","{"room":"room1";"current_amp":0;"power_watt":0;"Timestamp":"1999-11-30 00:55:43";"hash":"01c17f990d960f361520eb02e417122b143da15f6f2f5997072f376f1fa21de4"}"
"31/3/2569 19:59:21","m5/room1/power","room1","{"room":"room1";"current_amp":0;"power_watt":0;"Timestamp":"1999-11-30 00:55:48";"hash":"01c17f990d960f361520eb02e417122b143da15f6f2f5997072f376f1fa21de4"}"
"31/3/2569 19:59:26","m5/room1/power","room1","{"room":"room1";"current_amp":0;"power_watt":0;"Timestamp":"1999-11-30 00:55:53";"hash":"01c17f990d960f361520eb02e417122b143da15f6f2f5997072f376f1fa21de4"}"
"31/3/2569 19:59:31","m5/room1/power","room1","{"room":"room1";"current_amp":0;"power_watt":0;"Timestamp":"1999-11-30 00:55:58";"hash":"01c17f990d960f361520eb02e417122b143da15f6f2f5997072f376f1fa21de4"}"
"31/3/2569 19:59:36","m5/room1/power","room1","{"room":"room1";"current_amp":0;"power_watt":0;"Timestamp":"1999-11-30 00:56:03";"hash":"01c17f990d960f361520eb02e417122b143da15f6f2f5997072f376f1fa21de4"}"
"31/3/2569 19:59:41","m5/room1/power","room1","{"room":"room1";"current_amp":0;"power_watt":0;"Timestamp":"1999-11-30 00:56:08";"hash":"01c17f990d960f361520eb02e417122b143da15f6f2f5997072f376f1fa21de4"}"
"31/3/2569 19:59:46","m5/room1/power","room1","{"room":"room1";"current_amp":0;"power_watt":0;"Timestamp":"1999-11-30 00:56:13";"hash":"01c17f990d960f361520eb02e417122b143da15f6f2f5997072f376f1fa21de4"}"
"31/3/2569 19:59:51","m5/room1/power","room1","{"room":"room1";"current_amp":0;"power_watt":0;"Timestamp":"1999-11-30 00:56:18";"hash":"01c17f990d960f361520eb02e417122b143da15f6f2f5997072f376f1fa21de4"}"
"31/3/2569 20:00:01","m5/room1/power","room1","{"room":"room1";"current_amp":0;"power_watt":0;"Timestamp":"1999-11-30 00:56:28";"hash":"01c17f990d960f361520eb02e417122b143da15f6f2f5997072f376f1fa21de4"}"
"31/3/2569 20:00:06","m5/room1/power","room1","{"room":"room1";"current_amp":0;"power_watt":0;"Timestamp":"1999-11-30 00:56:33";"hash":"01c17f990d960f361520eb02e417122b143da15f6f2f5997072f376f1fa21de4"}"
"31/3/2569 20:00:11","m5/room1/power","room1","{"room":"room1";"current_amp":0;"power_watt":0;"Timestamp":"1999-11-30 00:56:38";"hash":"01c17f990d960f361520eb02e417122b143da15f6f2f5997072f376f1fa21de4"}"
"31/3/2569 20:00:16","m5/room1/power","room1","{"room":"room1";"current_amp":0;"power_watt":0;"Timestamp":"1999-11-30 00:56:43";"hash":"01c17f990d960f361520eb02e417122b143da15f6f2f5997072f376f1fa21de4"}"
"31/3/2569 20:00:22","m5/room1/power","room1","{"room":"room1";"current_amp":0;"power_watt":0;"Timestamp":"1999-11-30 00:56:48";"hash":"01c17f990d960f361520eb02e417122b143da15f6f2f5997072f376f1fa21de4"}"
"31/3/2569 20:00:26","m5/room1/power","room1","{"room":"room1";"current_amp":0;"power_watt":0;"Timestamp":"1999-11-30 00:56:53";"hash":"01c17f990d960f361520eb02e417122b143da15f6f2f5997072f376f1fa21de4"}"
"31/3/2569 20:00:30","m5/room1/doorstatus","room1","{"Register":false;"room":"room1";"status":"open";"M5":true;"RFID":null;"Timestamp":"1999-11-30 00:56:57";"hash":"01c17f990d960f361520eb02e417122b143da15f6f2f5997072f376f1fa21de4"}"
"31/3/2569 20:00:33","m5/room1/doorstatus","room1","{"Register":false;"room":"room1";"status":"closed";"M5":true;"RFID":null;"Timestamp":"1999-11-30 00:57:00";"hash":"01c17f990d960f361520eb02e417122b143da15f6f2f5997072f376f1fa21de4"}"
"31/3/2569 20:00:34","m5/room1/power","room1","{"room":"room1";"current_amp":0.07;"power_watt":0.37;"Timestamp":"1999-11-30 00:57:01";"hash":"01c17f990d960f361520eb02e417122b143da15f6f2f5997072f376f1fa21de4"}"
"31/3/2569 20:00:39","m5/room1/power","room1","{"room":"room1";"current_amp":0;"power_watt":0;"Timestamp":"1999-11-30 00:57:06";"hash":"01c17f990d960f361520eb02e417122b143da15f6f2f5997072f376f1fa21de4"}"
"31/3/2569 20:00:41","m5/room1/doorstatus","room1","{"Register":false;"room":"room1";"status":"open";"M5":false;"RFID":"WEB";"Timestamp":"1999-11-30 00:57:08";"hash":"01c17f990d960f361520eb02e417122b143da15f6f2f5997072f376f1fa21de4"}"
"31/3/2569 20:00:44","m5/room1/doorstatus","room1","{"Register":false;"room":"room1";"status":"closed";"M5":true;"RFID":null;"Timestamp":"1999-11-30 00:57:11";"hash":"01c17f990d960f361520eb02e417122b143da15f6f2f5997072f376f1fa21de4"}"
"31/3/2569 20:00:44","m5/room1/power","room1","{"room":"room1";"current_amp":0.06;"power_watt":0.29;"Timestamp":"1999-11-30 00:57:11";"hash":"01c17f990d960f361520eb02e417122b143da15f6f2f5997072f376f1fa21de4"}"
"31/3/2569 20:00:49","m5/room1/power","room1","{"room":"room1";"current_amp":0;"power_watt":0;"Timestamp":"1999-11-30 00:57:16";"hash":"01c17f990d960f361520eb02e417122b143da15f6f2f5997072f376f1fa21de4"}"
"31/3/2569 20:00:53","m5/room2/doorstatus","room2","{"Register":false;"room":"room2";"status":"open";"M5":false;"RFID":"WEB";"Timestamp":"1999-11-30 00:57:20";"hash":"99a3ae2c514ee9ff2d6d79a8029a1f4c520e5d79f79d851f3c456ae49c008c88"}"
"31/3/2569 20:00:56","m5/room2/doorstatus","room2","{"Register":false;"room":"room2";"status":"closed";"M5":true;"RFID":null;"Timestamp":"1999-11-30 00:57:23";"hash":"99a3ae2c514ee9ff2d6d79a8029a1f4c520e5d79f79d851f3c456ae49c008c88"}"
"31/3/2569 20:00:56","m5/room1/power","room1","{"room":"room1";"current_amp":0.05;"power_watt":0.27;"Timestamp":"1999-11-30 00:57:23";"hash":"01c17f990d960f361520eb02e417122b143da15f6f2f5997072f376f1fa21de4"}"
"31/3/2569 20:01:01","m5/room1/power","room1","{"room":"room1";"current_amp":0;"power_watt":0;"Timestamp":"1999-11-30 00:57:28";"hash":"01c17f990d960f361520eb02e417122b143da15f6f2f5997072f376f1fa21de4"}"
"31/3/2569 20:01:07","m5/room1/power","room1","{"room":"room1";"current_amp":0;"power_watt":0;"Timestamp":"1999-11-30 00:57:33";"hash":"01c17f990d960f361520eb02e417122b143da15f6f2f5997072f376f1fa21de4"}"
